Name,Gender,Country,Profession,Age,Marital Status,Number of Kids,Net Salary (per year)
Abigail Brown,Female,Espana,-,,Divorced,0,265992
Abigail Nielsen,Female,France,Engineer,23,Divorced,2,251727
Adam Kerr,Male,Danemark,-,26,Single,2,165690
Adam Long,Male,Germany,Artist,,Single,0,32464
Adrienne Davis,,Spain,Engineer,47,Married,2,261505
Alan James,Male,Switzerland,Engineer,24,Single,1,
Alex Kelly,Male,France,-,57,Married,0,215266
Alexa Mcknight,Female,Austria,Doctor,66,Divorced,0,183056
Alexander Paul,Male,US,Manager,40,Married,3,151452
Alexander Tran,Male,Spain,-,63,Married,0,146806
Alexandra Hill,Female,Switzerland,Teacher,20,Divorced,0,43320
Alexandra Moore,Female,France,Nurse,61,Single,1,67677
Alexandra Owens,Other,Canada,-,35,Divorced,3,116183
Alexis Melendez,Female,Germany,Teacher,38,Married,2,60202
Alicia Colon,Female,Spain,Artist,63,Single,2,36442
Alicia Daniels,Other,Germany,Teacher,34,Single,2,
Alicia Fuller,Female,Switzerland,Teacher,18,Married,0,75998
Alicia Miles,Female,Switzerland,,36,Married,1,51555
Alicia Nguyen,Female,Spain,Nurse,61,Married,2,89932
Alison Simpson,Female,Danemark,-,42,Single,0,235755
Allison Garcia,Female,France,Jobless,47,Single,2,27501
Allison Jenkins,Female,Canada,Manager,,Single,2,214283
Allison Oliver,Female,Deutschland,Manager,,Married,1,180596
Allison Sullivan,Female,Austria,Teacher,39,Divorced,0,62683
Allison Tran,,Switzerland,-,18,Married,1,267857
Alyssa Dawson,Female,Austria,,51,Divorced,,116347
Alyssa Hines,Female,Spain,Teacher,69,,2,66696
Alyssa Johnson,Female,Spain,Teacher,55,Single,1,67385
Alyssa Schroeder,,Deutschland,Teacher,,Married,,
Alyssa Sims,Female,Canada,Teacher,69,Single,2,41285
Amanda Bryant,Female,Austria,Manager,31,Single,0,116208
Amanda Garcia,Female,Deutschland,Nurse,18,Single,0,58198
Amanda Garner,Female,Canada,Manager,47,Married,4,283370
Amanda Horton,Female,Canada,,49,Married,0,6405
Amanda Jackson,Female,Spain,Jobless,41,Single,0,8826
Amanda Lewis,Female,Germany,Engineer,24,Divorced,0,297734
Amanda Lindsey DDS,Female,Spain,Teacher,63,,2,56909
Amanda Miller,Female,Austria,Manager,62,Single,1,141765
Amanda Moon,Female,France,Doctor,24,Single,3,286309
Amanda Reed,,Deutschland,,18,Single,2,8191
Amanda Reed,Female,France,Engineer,61,Divorced,0,125332
Amanda Sanders,Other,Italy,,47,Married,2,101490
Amanda Tate MD,Female,France,Doctor,55,Single,2,178637
Amanda Tucker,Female,France,Engineer,39,Single,3,288884
Amber Fox,Female,Germany,,38,Single,2,
Amber Hernandez,Female,Austria,,70,Married,1,179187
Amber Leblanc,Female,,-,22,Single,1,87228
Amber Lee,Female,,Nurse,63,Divorced,0,63861
Amber Martinez,Female,Deutschland,,31,,2,
Amber Richardson,Female,France,Teacher,70,Single,1,36877
Amy Abbott,Female,,,39,Divorced,0,44891
Amy Barron,Female,Switzerland,Engineer,24,Married,4,
Amy Combs,Female,Canada,Engineer,23,Divorced,0,207344
Amy Dunn,Female,Deutschland,Jobless,64,Married,2,26827
Amy Jenkins,Female,Italy,Teacher,51,Married,0,50062
Amy Jennings,Female,France,Artist,67,Single,1,77111
Amy Leonard,Female,US,Doctor,70,Divorced,0,192506
Amy Marks,Female,Canada,Manager,23,Single,2,264429
Amy Mendez,Female,Canada,-,,Single,2,56703
Amy Myers,Female,Canada,Doctor,64,Single,3,
Amy Wolf,Female,France,,48,Single,1,257404
Andrea Curtis,Female,France,Doctor,25,Married,0,109884
Andrea Garcia,Female,Germany,,68,Single,0,104645
Andrea Hester,,Germany,,67,,2,176793
Andrea Jackson,Female,Canada,Manager,33,Divorced,1,121074
Andrea Rodgers,Female,US,Artist,42,Married,1,
Andrea Russell,Female,France,Doctor,65,,1,293167
Andrea Tate,Female,Italy,Jobless,52,Married,,314
Andrea Valdez,Female,Austria,Engineer,69,Single,0,224734
Andrew Hopkins,,Italy,Doctor,61,Married,1,231426
Andrew Moore,Male,France,Nurse,30,Single,3,
Andrew Pitts,Other,Spain,Doctor,65,Divorced,0,238241
Andrew Stone,Male,US,,29,Divorced,1,254065
Andrew Ward,,Danemark,,,,0,
Andrew Zhang,Male,Canada,Doctor,36,Divorced,1,202301
Angel Snyder,Female,France,-,58,Single,1,291985
Angela Davis,Female,France,,68,Single,0,65133
Angela Garcia,Female,Austria,,21,Single,4,72636
Angela Johnson,Female,Germany,Nurse,61,Single,,33748
Angela Mcknight,Female,Canada,Engineer,55,Single,4,280353
Angela Reid DDS,Female,Deutschland,,20,Single,2,277717
Angela Rodriguez,Female,Spain,Doctor,45,Single,1,248016
Angela Smith,Female,Italy,Engineer,39,Married,1,231783
Angela Wilson,Female,Switzerland,Manager,66,Single,1,227953
Angelica Torres,Female,France,Engineer,46,Single,2,295833
Ann Combs,Female,Italy,Jobless,30,Single,2,799
Ann Smith,Female,Espana,Teacher,42,Single,3,76952
Anna Fowler,Female,Canada,Doctor,46,Single,3,207238
Anna Hall,Female,Deutschland,Engineer,66,Single,2,110021
Anna Hughes,Female,Switzerland,,43,Single,2,198623
Anna Jones,Female,Spain,,57,,1,299566
Anna Ortiz,Female,Italy,Engineer,60,Single,0,280328
Anna Ramos,Female,Germany,-,29,Single,1,127489
Anna Tate,Female,France,Nurse,24,Married,0,62248
Anna West,Female,Germany,Engineer,65,,2,100546
Anna Williams,Female,Spain,Engineer,34,,1,103307
Anne Brown,Female,Italy,Nurse,41,Married,1,47429
Anne Hayes,Female,France,Doctor,28,Single,,287077
Anne Hines,Female,Deutschland,,62,Single,3,
Annette Carter,Female,Canada,,43,Single,1,153089
Anthony Burke,Male,Danemark,-,44,Single,2,69067
Anthony Perez,Other,Spain,,53,Divorced,1,247680
Anthony Wheeler,Male,Spain,Engineer,,Single,0,217014
Antonio Phillips,Male,Canada,Manager,,Married,2,128835
Antonio Rivera,Male,US,Engineer,40,Divorced,3,140838
April Faulkner,Female,France,Engineer,36,Married,1,176258
Ashlee Stephens,,Spain,Engineer,52,Single,0,128069
Ashley Adams,Female,Switzerland,Engineer,37,Married,0,295466
Ashley Anderson,Female,France,,70,Married,0,72969
Ashley Bentley,Female,US,,,Single,0,40247
Ashley Berry,Female,Deutschland,Doctor,54,Divorced,4,168478
Ashley Brown,Female,US,Artist,,Married,1,81911
Ashley Henson,Female,France,Jobless,64,Married,2,3301
Ashley Miller,Female,US,Doctor,30,Married,,148587
Ashley Moore,Female,US,Jobless,40,Married,1,3689
Ashley Ortega,Female,Germany,,31,Divorced,2,278679
Ashley Ritter,Female,France,-,63,Married,1,99698
Ashley Thomas,Female,France,Jobless,,,2,7550
Ashley Watts,Female,Canada,Jobless,41,Single,1,22797
Audrey Guzman,Female,Deutschland,Engineer,67,Divorced,0,212269
Austin Carlson,Male,France,Manager,36,Single,3,173867
Austin Carter,Male,Switzerland,Doctor,29,Married,4,153448
Austin Moore,Male,France,Doctor,18,,1,106920
Austin Wade,Male,Austria,Jobless,69,Single,0,13834
Barbara Bailey,Female,,Teacher,20,Married,1,55256
Barbara Fleming,Female,Germany,Artist,41,Single,1,56736
Barbara Green,Female,Germany,,18,Single,4,14051
Barbara Holmes,Female,Italy,Teacher,46,Divorced,3,48093
Barbara Jackson,Female,Germany,,45,Single,2,38160
Barbara Jacobs,Female,,Engineer,54,Married,2,176757
Barbara Moyer,Female,Italy,Teacher,59,Married,0,54980
Barbara Welch PhD,Female,Canada,Nurse,23,Married,,85298
Barry Williams,Male,Italy,-,60,Divorced,,89794
Belinda Johnson,Female,Italy,Nurse,51,Divorced,3,48042
Benjamin Carey,Male,Danemark,Manager,55,Divorced,,223716
Benjamin Coleman,Male,Spain,Doctor,51,,1,148890
Bernard Hart,Male,Italy,Doctor,57,Single,2,164627
Beth Cross,Female,Deutschland,-,41,Single,4,108781
Beverly Lowery,Female,Spain,-,69,Single,2,23645
Beverly Torres,Female,Deutschland,Artist,22,Divorced,0,42328
Billy Stein,Male,Austria,Teacher,64,Married,2,70572
Bobby Graham,Male,France,Engineer,41,Married,1,210883
Bobby Mills,Male,Deutschland,Doctor,62,Single,2,101239
Bonnie Hines,Female,Canada,Jobless,48,,2,10969
Bonnie Maddox,Female,Switzerland,Nurse,28,Single,0,68657
Bonnie Mendoza,Female,Austria,,33,Single,0,213349
Brandon Carey,Male,Austria,,50,Divorced,1,120536
Brandon Smith,Male,Spain,,33,Single,1,19524
Brandon White,Male,Italy,Manager,29,Married,0,284040
Brandon Yang,Male,Deutschland,,36,Single,2,78927
Brandy Hall,,Danemark,Manager,67,Married,2,155928
Brandy Wall,Female,Danemark,Manager,61,Married,1,271380
Breanna Grant,,Italy,-,30,Single,1,82472
Brenda Briggs,Female,US,Manager,36,Single,2,196440
Brenda Huffman,Female,Spain,Nurse,53,Married,,85395
Brenda Smith,Female,France,Artist,62,Single,1,77028
Brent Contreras,Male,France,,24,Single,1,151056
Brent Duarte,Male,France,Artist,25,Married,1,40893
Brian Foster,Other,Switzerland,,58,Single,2,209925
Brian Hall,Male,Austria,Engineer,68,,3,273410
Brian Lamb,Male,Austria,-,41,Single,0,53937
Brian Nelson,Male,Germany,-,44,Married,2,171872
Brian Rios,Male,US,Teacher,45,Divorced,3,75034
Brian Sanders MD,Male,Danemark,Manager,56,Married,1,219387
Brianna Hensley,Female,France,Jobless,69,Married,1,15307
Bridget Estrada,Female,Switzerland,Jobless,37,Divorced,0,4041
Brittany Cole,Female,Austria,Nurse,58,Married,0,50291
Brittany Flores,Female,US,Artist,41,Single,0,77289
Brittany Gomez,Female,Deutschland,,55,Divorced,1,42246
Brittany Hall,Female,France,,56,Single,0,74163
Brittany Knight,Female,Espana,-,41,Single,2,136321
Brittany Lopez,Female,US,Jobless,60,Married,,19486
Brittany Shah,Female,France,,69,Married,0,82005
Brittney Kim,Female,,,21,Divorced,,254889
Brittney Nguyen,Female,Spain,-,58,Divorced,3,169235
Brittney Torres,Female,Germany,,28,Single,2,280501
Brooke Hopkins,Other,Danemark,Artist,34,Divorced,4,57192
Brooke Johnson MD,Female,France,Jobless,61,Married,1,22826
Brooke Taylor,Female,Switzerland,Manager,50,Divorced,4,239763
Bryan Reed,Male,,Nurse,19,Divorced,1,62089
Bryan Valdez,Male,Deutschland,Doctor,70,Married,1,134639
Bryan Vargas,Male,France,Engineer,53,Married,2,162477
Bryan White,Male,Switzerland,Artist,45,Single,0,
Bryan Williams,Male,France,Engineer,35,Married,,219065
Caitlin Hoover,Female,Spain,Jobless,33,Single,1,20779
Caitlyn Jones,Female,,Jobless,66,Married,2,29772
Caleb Davis,Male,Danemark,Nurse,38,,0,83771
Calvin Warren,Male,Deutschland,Teacher,,Married,0,57901
Candace Rogers,Female,France,,50,Married,2,71532
Carla Sullivan,Female,Spain,Engineer,,Married,,291911
Carlos Cole,Male,Deutschland,Jobless,50,Married,3,6540
Carlos Tucker,Male,France,Nurse,48,Married,2,75285
Carlos White,Male,France,Jobless,,Single,1,23443
Carol Bailey,Female,US,Nurse,45,Married,0,81871
Carol Harding,Female,Germany,Artist,60,Single,2,58150
Carol Jones,Female,Canada,Manager,25,Single,2,124722
Caroline Smith,Female,France,,59,Divorced,1,157070
Carolyn Jackson,Female,Italy,Manager,61,Single,0,206593
Carolyn Sherman,Other,Switzerland,-,20,Married,1,145560
Carolyn Thomas,Female,US,,21,Single,1,86817
Carrie Sellers,Female,US,-,69,Single,2,240571
Carrie Stevenson,Female,Danemark,Doctor,20,Married,0,113458
Casey Howell,Male,Canada,,53,,0,192402
Casey Patton,Female,US,Jobless,59,Single,0,28146
Cassandra Bates,Female,Deutschland,Artist,40,Single,0,35800
Cassidy Mueller MD,,,,69,,1,137958
Catherine Barton,Female,US,Nurse,53,Divorced,2,64969
Catherine Chen,Female,Germany,,35,Divorced,0,280341
Catherine Mendez,Female,Spain,Nurse,62,Single,1,36375
Catherine Rivera,Female,Italy,Doctor,22,Single,1,264211
Catherine Townsend,Female,Canada,Manager,64,Married,3,282497
Catherine Williams,,France,,47,Married,2,120464
Cathy Fleming,Female,France,,19,,1,58915
Chad Brown,Male,Switzerland,Engineer,60,Single,4,136422
Chad Wilson,Male,Austria,,36,Divorced,,298503
Charlene Henderson,Female,US,Nurse,70,Divorced,0,43693
Charles Bray,Male,Danemark,Artist,26,Married,,76821
Charles Elliott,Male,,Engineer,57,Married,2,151507
Charles Hall,Male,Canada,Manager,36,Single,1,250656
Charles Montgomery,Male,Switzerland,,34,Divorced,3,252868
Charles Robinson,Male,Spain,Nurse,65,Divorced,0,63050
Charles Solomon,Male,Italy,Teacher,44,Single,1,
Charlotte Coleman,Female,Spain,Doctor,,Married,1,126383
Chelsea Clark,Female,Italy,Nurse,41,Single,0,76796
Chelsea Roy,Female,Switzerland,Doctor,27,Married,2,210083
Chelsea Simmons,Female,Deutschland,Teacher,55,Married,0,53414
Chelsea Snyder,Female,Switzerland,Nurse,,,0,53673
Chelsea Vasquez,Female,France,,63,Married,0,215805
Chelsey Garcia,Female,France,Teacher,24,Single,2,63613
Cheryl Hughes,,France,Teacher,24,Married,1,68893
Cheryl Watts,Female,Switzerland,,53,,2,298621
Cheryl Williams,Other,Canada,Nurse,45,Married,3,56490
Chloe Ward,Female,Spain,,62,Divorced,2,
Chris Guerrero,Male,France,,70,Married,2,25849
Chris Rhodes,Male,Germany,Teacher,33,Divorced,4,283832
Christian Ford,Male,Deutschland,Artist,57,Single,1,74329
Christian Morgan,Male,Austria,Nurse,68,,0,84217
Christina Hayes,Female,Danemark,,19,Single,2,174595
Christina Henderson,Female,Italy,Doctor,60,Single,2,229271
Christina Houston,Female,Danemark,Engineer,37,Married,4,173008
Christina Jackson,Female,France,,40,Single,2,137612
Christina Peterson,Female,Deutschland,,46,Single,3,47581
Christina Watson,Female,Canada,Doctor,69,Single,2,269988
Christine Brewer,Female,Austria,Jobless,37,,1,17259
Christine Cooper,Female,Germany,Teacher,62,Divorced,1,80524
Christine Hughes,Female,Switzerland,Nurse,47,Single,,43953
Christine Koch,,Germany,-,38,Married,0,210440
Christine Prince,Female,Switzerland,Nurse,46,Married,0,48023
Christopher Barnett,Male,Canada,Nurse,64,Single,1,79767
Christopher Gentry,Male,,-,26,Divorced,4,293203
Christopher Jones,Male,Germany,Engineer,25,Single,2,140870
Christopher Kelley,Male,France,,22,Single,2,193743
Christopher Reed,Other,Austria,Teacher,30,Married,3,47983
Christopher Rivas,Male,Canada,Engineer,34,Divorced,1,
Christopher Solis,Male,France,Manager,61,Married,0,175238
Christy Williams,Female,Deutschland,,47,Married,2,104059
Cindy Barron,Female,Germany,Engineer,29,Married,,167346
Cindy Campbell,,France,Artist,69,Single,0,40196
Cindy Peterson,Female,France,,61,Married,3,61990
Cody Murphy,Male,France,Manager,25,Single,3,
Cole Jones,Male,Spain,Nurse,70,,2,39804
Colin Hines,Other,US,Doctor,43,Divorced,3,241505
Colleen Burgess,Female,France,Artist,53,Married,1,57459
Colleen Sellers,,Deutschland,,18,Single,2,
Colleen Thornton,Female,US,,64,Divorced,,
Colleen Wagner,Female,France,,27,Divorced,1,198563
Colleen Williamson,Female,Germany,Artist,58,Single,1,70464
Colton James,Male,US,Teacher,30,,2,44354
Courtney Brock,Female,France,Doctor,44,Single,1,108342
Courtney Garcia,Female,Italy,Doctor,53,Married,2,224842
Courtney Ortiz,Female,Austria,Artist,68,Single,,74739
Courtney Pacheco,Female,,,19,Single,2,167416
Courtney Smith,,,Jobless,69,Single,1,1734
Courtney Smith,Female,Switzerland,Doctor,54,Divorced,0,213662
Courtney Wallace,Female,Austria,-,22,Single,2,189882
Courtney Welch,Female,US,Nurse,48,Married,1,73213
Craig Mcbride,Male,Danemark,Teacher,59,Married,0,47043
Crystal Johnson,Female,Italy,Nurse,19,,3,
Crystal Mcdaniel,Female,US,,18,Divorced,1,
Crystal Vasquez,Female,France,Nurse,61,Single,1,31462
Cynthia Barker,Other,Canada,Artist,55,Divorced,0,64339
Cynthia Gray,Female,,Nurse,52,Single,0,38111
Cynthia Johnston,Female,Germany,,,Divorced,0,155558
Cynthia Kim,Female,Austria,Engineer,27,Married,3,136752
Cynthia Stokes,Female,Spain,Manager,23,Married,1,106860
Dakota Ponce,Male,,Doctor,22,Married,2,134681
Dale Black II,Male,US,-,68,Single,1,220394
Dan Anderson MD,Male,Deutschland,,50,Single,0,23208
Dana Anderson,Female,Danemark,Engineer,56,Married,0,257803
Dana Grant MD,Female,Switzerland,Teacher,60,Single,2,35290
Dana Schmidt,Female,France,Engineer,28,Single,2,148037
Dana Williamson,Female,Canada,Artist,55,,1,40369
Daniel Berry,Male,France,,26,Single,0,7516
Daniel Hebert,Male,Deutschland,Manager,64,Single,4,216112
Daniel Larson,Male,Spain,Teacher,25,Married,4,68875
Daniel Wilson,Other,France,Teacher,51,Married,0,83903
Danielle Marshall,Female,Deutschland,,50,Married,1,136033
Danielle Rivas,Female,Switzerland,-,25,Single,2,123146
Danielle Terrell,Female,France,,68,,1,44351
Danielle Tran,Female,Austria,,60,Single,1,43218
Darlene Baker,Female,France,-,33,Divorced,2,214861
Darlene Harris,Female,,,37,Divorced,1,159633
Darlene Love,Female,Italy,Jobless,51,Divorced,1,8247
David Carpenter,Male,France,,39,Divorced,0,119822
David Gonzales,Male,Italy,,63,Married,2,86195
David Harrison,Male,France,Manager,22,Single,1,268973
David Hill,Other,Germany,Jobless,22,Married,2,20738
David Johnson,Male,Deutschland,Manager,47,Single,,128959
David Juarez,Male,France,Jobless,61,Divorced,,11515
David Taylor,Male,Canada,Teacher,53,Divorced,1,
David Turner,Male,Deutschland,Doctor,61,Married,2,251864
David Ward,Male,Italy,Jobless,70,Married,1,26190
Dawn Atkinson,Female,Deutschland,Nurse,22,Single,2,64972
Dawn Brown,Female,Germany,Engineer,58,Divorced,5,165957
Dawn Kim,Female,Austria,,62,Married,0,62500
Dawn Morris,Female,Italy,-,39,,0,294474
Dawn Wells,Female,Canada,Manager,42,Married,1,294162
Dawn York,Female,Canada,Doctor,44,Single,3,106460
Deanna Cohen,Female,Italy,Nurse,40,Married,1,43448
Deanna Werner,Female,Deutschland,,62,Married,1,25820
Deborah Jordan,Female,France,Nurse,28,Single,2,47880
Deborah Miller,Female,Austria,-,63,,0,237469
Deborah Sanchez,Female,Austria,Nurse,68,Divorced,1,72571
Deborah Shea,Female,France,,22,Single,0,283780
Deborah Winters,Female,Italy,-,61,Single,,35739
Denise Davis,Female,Deutschland,Engineer,67,Married,2,142576
Denise Lyons,Other,Canada,Teacher,68,Divorced,3,43312
Denise Moran,Female,Switzerland,Teacher,66,Single,2,62650
Dennis Graham,Male,France,Teacher,32,Single,2,38911
Dennis Singleton,Male,Canada,Artist,40,Single,1,64975
Destiny Wright,Female,Danemark,,32,Married,1,124518
Devin Burns,Male,,Jobless,44,Single,1,5074
Diamond Foster,Female,Spain,Teacher,39,Single,1,42034
Diana Hanson,Female,Germany,,18,Divorced,0,
Diana Williams,Female,Spain,-,23,Single,2,
Diane Allen DDS,Female,Germany,Jobless,31,Divorced,1,9632
Diane Davis,Female,Spain,-,63,Single,0,297887
Diane Jones,Female,France,Teacher,42,Single,,87847
Dominique Bass,Female,Deutschland,,18,Single,3,41099
Dominique Carter,Female,Switzerland,Doctor,70,Married,2,151053
Don Anderson,Male,US,,,,0,16568
Donald Peterson,Male,Spain,Nurse,64,Married,1,71417
Donna Johnson,Female,France,Teacher,47,,1,58108
Douglas Smith,Male,Spain,Manager,43,Single,1,261629
Dr. Cathy Reynolds,Female,France,,35,Married,1,286648
Dr. Christopher Gray,Male,France,Jobless,,Divorced,4,507
Dr. Keith Webb,Male,France,Doctor,56,,1,111573
Dr. Kim Rios MD,Female,Canada,Doctor,47,Single,2,245733
Dr. Maria Neal,Female,Germany,Artist,63,Single,1,75937
Dr. Michael Welch,Male,Germany,-,55,Divorced,2,81556
Dr. Patricia Norton,Female,Switzerland,Engineer,33,Divorced,1,228802
Dr. Taylor Stewart,Female,Switzerland,Artist,25,Divorced,1,87895
Duane Scott,,Italy,Engineer,38,Married,2,116602
Dustin Hayes,Male,Italy,-,60,Married,0,213646
Dylan Gallagher,Other,Switzerland,Manager,39,,2,172477
Dylan Reyes,Male,France,Jobless,20,Single,2,6819
Ebony Baker,Female,France,,59,Single,3,29463
Edward Braun,Male,Spain,Doctor,67,Single,1,138981
Edward Duncan,Other,Spain,Nurse,,Single,2,39170
Edward Mcconnell,Male,Canada,Engineer,70,Divorced,1,247139
Edward Summers,Male,France,,44,,0,147630
Eileen Mcintyre,Female,,,19,Single,1,218217
Eileen Owens,Female,Switzerland,Manager,23,Married,2,288012
Elizabeth Allen,Female,Switzerland,Jobless,58,Single,2,22048
Elizabeth Guerrero,Female,Germany,Artist,46,Married,1,50196
Elizabeth Ingram,Female,Switzerland,,28,Single,2,99971
Elizabeth Kane,Female,Austria,,51,Divorced,1,165215
Elizabeth Lara,Female,Austria,Nurse,56,Divorced,1,37818
Elizabeth Perez,Female,Switzerland,Nurse,18,Married,0,71537
Emily Burns,Female,Austria,Engineer,26,Married,1,185295
Emily Campbell,,Switzerland,Manager,53,Single,1,201560
Emily Cannon,Female,France,Doctor,41,Married,1,144895
Emily Castillo,Female,Austria,-,49,Divorced,0,213651
Emily Francis,Female,France,,34,,2,
Emily Hansen,Female,Switzerland,Doctor,19,Married,3,174363
Emily Hunt,Female,US,,58,Married,0,130230
Emily Maldonado,Female,Canada,Manager,54,Divorced,1,153666
Emily Newman,Female,Austria,Teacher,49,Married,4,59182
Emily Price,Female,Canada,-,53,Divorced,1,26571
Emily Riggs,Female,Germany,Manager,65,Single,2,180860
Emily Thomas,Female,Canada,Engineer,24,Single,4,268655
Emily Walter,Female,France,Manager,31,Single,1,290469
Emma Roberts,Female,Italy,,26,Married,0,242306
Eric Davis,Male,France,Artist,59,Single,1,32110
Eric Frederick,Male,Deutschland,Jobless,69,Married,0,2785
Eric Howell,Male,Spain,Nurse,49,Single,4,71479
Eric Mendoza,Male,Switzerland,Engineer,34,Divorced,1,259575
Eric Reyes,Male,Danemark,Engineer,48,,0,291250
Erica Nelson,Female,,-,61,Divorced,,215849
Erica Ochoa,Female,Austria,-,62,Single,1,
Erika Ellis,Female,Switzerland,,60,Single,2,161645
Erin Cohen,Female,Switzerland,Artist,27,Single,3,87749
Erin Hernandez,Female,France,Artist,48,Single,1,88554
Erin King,Female,France,Jobless,23,Single,2,9811
Erin Rodriguez,,Deutschland,,67,Single,1,145403
Erin Ross,Female,Germany,,70,,3,130523
Erin Rowe,Female,US,Manager,58,Divorced,1,132140
Evelyn Orr,Female,US,Teacher,,Married,1,44438
Faith Callahan,Female,Italy,Manager,52,Married,1,258577
Fernando Taylor,Male,France,Teacher,66,Single,2,75404
Frances Davis,Female,US,Manager,66,Single,2,268509
Frank Barnes,Male,France,Nurse,31,Divorced,2,89451
Fred Butler,Male,Germany,,37,Divorced,0,
Fred Wright,Male,Switzerland,,63,Divorced,1,145444
Gabriel Hart,Male,US,Doctor,27,Single,0,121311
Gabriel Harvey,Male,Italy,-,30,Single,4,275786
Gabriel Williams,Male,Italy,Jobless,26,Single,1,28859
Gabriela Reyes,Female,Spain,Nurse,58,Single,2,35864
Garrett Clark,Male,Spain,Manager,35,Single,1,172787
Gary Ashley,Male,Switzerland,-,29,Married,2,19310
Gary Norton,,France,,35,Single,2,166032
George Everett,,Danemark,,62,Divorced,3,280863
George Figueroa,Male,Austria,Nurse,68,Married,0,41456
George Williams,Male,Italy,Doctor,66,Single,2,237934
Gerald Miller,Male,Austria,-,48,Single,1,204266
Gina Harrison,Female,Canada,,25,Single,1,170552
Gina Hernandez,Female,Deutschland,Engineer,37,,1,121857
Glenn Wyatt,Male,Canada,,39,Divorced,1,81360
Gloria Jones,Female,Spain,Artist,53,Single,1,65889
Gloria Stevens,Female,Espana,,45,Married,2,266761
Gloria Waller,Female,US,Engineer,49,Single,2,210491
Gordon Foster,Male,Deutschland,Manager,19,,1,119056
Grace Bell,Female,US,,46,Single,1,87549
Grace Pearson,Female,Canada,Manager,18,Single,2,117724
Greg Johnson,Male,Austria,Manager,60,Single,1,141538
Haley Bowers,Female,US,Nurse,64,Divorced,1,62536
Haley Hawkins,Female,France,,39,Single,1,205091
Haley King,Female,Danemark,Nurse,57,Single,2,80906
Hannah Hoover,Female,US,Artist,68,Married,0,34967
Hannah Sanchez,Female,Deutschland,,19,Single,2,53759
Hayley Williams,Female,Deutschland,Jobless,24,Married,1,7658
Heather Gonzales,Female,US,Artist,33,Single,2,44654
Heather Hogan,,Austria,Manager,61,Single,1,266907
Heather Kane,Female,,Artist,42,,2,45552
Heather Martin,Female,Canada,Artist,53,Married,0,41989
Heidi Booker,,France,Artist,50,Married,2,77982
Heidi Rich,Female,Germany,-,36,Single,2,93673
Holly Gonzales,Female,Italy,Jobless,58,Divorced,0,17541
Ian Lopez,Other,France,-,68,Married,1,118728
Isaac Smith,Male,France,,64,Married,3,297982
Ivan Foster,Male,France,,64,Married,2,168973
Jack Brown,Male,Italy,Nurse,22,Divorced,2,34670
Jacob Reed,Male,France,Doctor,60,Married,2,163655
Jacqueline Avila,Female,France,Jobless,25,Married,1,8488
Jacqueline Baxter,Female,Deutschland,-,18,Single,2,18166
Jacqueline Gill,Female,Austria,Teacher,69,Divorced,1,46433
Jacqueline Jackson,Female,Italy,,58,Single,3,267279
Jacqueline Jacobs,Female,France,Manager,23,Divorced,3,135361
Jacqueline Osborne,Female,France,Teacher,28,Single,1,43807
Jacqueline Walker,,France,Engineer,18,Single,0,163803
Jacqueline Wood,Female,Canada,,41,Single,2,182680
James Burnett,Male,Germany,Doctor,19,Married,3,121956
James Carter,Other,Deutschland,,52,Married,2,276753
James Daugherty,Male,Switzerland,Nurse,70,Married,1,61125
James Graham,Male,France,-,40,Married,1,82005
James Miller,Male,Canada,Artist,62,,0,80691
James Monroe,Male,France,,28,Single,1,150637
James Myers,Male,Germany,Jobless,19,Single,0,
James Stanley,Male,France,Jobless,64,Single,3,20337
Jamie Anderson,Female,Italy,Engineer,57,Single,2,131346
Jamie Boyer,Female,Spain,Jobless,46,Divorced,0,27719
Jamie Brown,Female,Switzerland,,53,Single,0,30918
Jamie Chen MD,Female,Austria,Jobless,38,Single,1,11867
Jamie Lynch,Female,Austria,,68,Married,2,70021
Jamie Parsons,Female,Italy,Manager,31,Single,1,111595
Jamie Robinson,Female,,Nurse,58,Single,1,69718
Jane Burch,Female,Switzerland,Engineer,50,Divorced,1,152036
Jane Nichols,Female,Deutschland,-,60,Married,2,166280
Janet Hooper,Female,Deutschland,Artist,21,Divorced,2,83435
Janet Sanchez,Female,US,,30,Single,1,47567
Janet Wilson,Female,France,Doctor,41,Single,3,253136
Jared Bell,Other,US,Doctor,53,Married,2,172722
Jared Mays,Male,US,Doctor,38,Married,3,
Jared Mccoy,Male,Canada,,63,Single,2,251978
Jasmin Novak,Female,France,Engineer,37,Single,1,164696
Jasmine Hughes,,Switzerland,Teacher,70,Single,,83041
Jasmine Rodriguez,Female,Italy,,47,Married,1,174050
Jasmine Rodriguez,Female,US,Teacher,44,Single,2,44577
Jasmine Thornton,Female,France,Doctor,47,Divorced,0,147936
Jason Butler,Male,Canada,,59,Married,1,116399
Jason Haney,Male,Danemark,,24,Single,3,247595
Jason Mullins,Male,Canada,Doctor,40,Married,1,104979
Jason Smith,Male,Germany,Artist,68,Married,0,84874
Jason Spears,Male,Austria,-,47,Single,4,95865
Jason Wood,Male,Germany,Jobless,65,Married,2,13792
Jeffery Roberts,Male,Italy,-,22,Married,1,75208
Jeffrey Gilbert,Male,Germany,-,32,Single,1,1184
Jeffrey Martinez,Male,France,-,27,,2,188694
Jeffrey Smith,Other,Germany,Manager,40,Divorced,0,237560
Jenna Fletcher,Female,France,-,68,Single,1,249705
Jenna Morris,Other,Canada,,43,Single,3,61321
Jenna Vazquez PhD,Female,Canada,Doctor,65,Divorced,0,129075
Jennifer Anderson,Female,Germany,Manager,48,Married,1,228178
Jennifer Anderson,Female,Switzerland,Artist,43,Single,2,80422
Jennifer Boyd,Female,Deutschland,,69,Divorced,1,171915
Jennifer Brown,Female,France,-,25,,1,197637
Jennifer Byrd,Female,Canada,-,35,Married,,182603
Jennifer Chavez,Female,France,Artist,26,Married,1,33076
Jennifer Clark,Female,France,,32,Married,2,150781
Jennifer Clark,Female,Canada,Manager,31,Divorced,3,271563
Jennifer Farmer,Female,Spain,Engineer,62,Married,1,137399
Jennifer Garcia,Female,Deutschland,,55,Single,2,209786
Jennifer Hartman,Female,US,Nurse,62,Single,0,82759
Jennifer Holmes,Female,,,38,Single,2,198137
Jennifer Huffman,Female,France,,46,,,286146
Jennifer Jackson,Female,US,Nurse,53,Single,1,77460
Jennifer Johnson,Female,France,Jobless,66,Single,1,17810
Jennifer Lee,Female,Italy,-,44,Single,1,157539
Jennifer Mitchell,,Austria,Manager,38,Single,1,174167
Jennifer Parker,,Austria,Manager,45,Single,1,152474
Jennifer Russell,Female,Italy,Manager,53,Married,1,107343
Jennifer Sherman,Female,Austria,,45,Married,0,120452
Jennifer Sparks,Female,Canada,Manager,22,Married,0,126819
Jennifer Stewart,Female,Spain,Manager,37,Single,1,101424
Jennifer Turner,Female,Germany,,50,Divorced,3,295862
Jennifer Turner,Female,Canada,,23,Single,2,184264
Jennifer Williams,Female,Italy,-,59,Single,0,293914
Jennifer Wilson,Female,France,Engineer,70,Single,1,104074
Jeremy Daniels,Male,Deutschland,Artist,36,Married,0,60618
Jeremy Hughes,Male,Germany,,49,Divorced,0,290725
Jeremy Martin,Male,Canada,Jobless,66,Single,1,22298
Jeremy Mitchell,Male,,,52,Single,1,256081
Jeremy Reyes,Other,Germany,Jobless,40,Single,2,7606
Jerry Davis,Male,Austria,Engineer,66,Single,2,120699
Jerry Thomas,Male,Deutschland,Teacher,39,Married,2,32169
Jessica Alvarado,Female,Spain,Manager,36,Single,1,220847
Jessica Bishop,Other,,Artist,54,Single,1,36591
Jessica Browning,Female,Danemark,Teacher,19,Single,0,72201
Jessica Buck,Female,France,Jobless,51,Divorced,2,5066
Jessica Crosby,Female,Italy,,42,Single,2,3262
Jessica Drake,Female,US,Manager,27,Single,2,189297
Jessica Garrison,Female,France,Teacher,55,Single,1,59186
Jessica Gibbs,Female,Canada,Jobless,68,Married,2,8539
Jessica Gibson,Female,Switzerland,Teacher,41,Married,2,
Jessica Hutchinson,Female,France,Engineer,24,Single,2,256731
Jessica Johnson,Female,Spain,Nurse,25,Single,2,52380
Jessica Jones,Female,US,,47,Married,2,214777
Jessica Joseph,Female,Canada,Engineer,24,Married,2,142519
Jessica Kennedy,Female,Deutschland,Artist,56,Divorced,3,54290
Jessica Macias,Female,Austria,Jobless,32,Divorced,3,17311
Jessica Nelson,Other,France,-,38,,3,91054
Jessica Richards,Other,Spain,Teacher,69,Single,1,74611
Jessica Smith,Female,US,Teacher,31,Married,0,30137
Jessica Terry,Female,Italy,Manager,38,Married,,111822
Jessica Wolfe,,Austria,Manager,40,Single,3,118063
Jesus Moore,Male,Germany,Manager,55,Married,1,174412
Jill Crane,Female,Deutschland,Teacher,58,Divorced,2,30080
Jill Martin,Female,Canada,,43,Married,0,76707
Jillian Jones,Female,France,Manager,33,Married,,229631
Joanne Daniels,Female,Germany,Engineer,70,Single,2,149477
Joanne Thompson,Female,France,Engineer,48,Married,1,123100
Jocelyn Wagner,Female,Austria,Teacher,28,Married,2,67836
John Compton,Male,Spain,Nurse,44,Married,1,74482
John Mcpherson,Male,,Doctor,51,Single,2,139196
John Wilkinson,Male,Deutschland,Nurse,56,Divorced,,48865
Jonathan Carpenter,Male,Switzerland,Engineer,67,Married,3,263338
Jonathan Dominguez,Male,Austria,Nurse,57,Single,0,80840
Jonathan Garcia,Male,Germany,Artist,67,Single,2,87267
Jordan Cox,,Deutschland,Engineer,52,Single,1,170047
Jordan Flores,Male,Italy,Doctor,61,Divorced,2,
Jordan Gutierrez,Female,Switzerland,,27,Married,2,
Jose Webster,Other,France,Jobless,60,Single,0,8010
Jose Williams,Male,Germany,,38,Divorced,2,
Joseph Barrett,Male,France,Jobless,26,,0,14207
Joseph Black,Male,Austria,Teacher,42,Divorced,3,46841
Joseph Cross,Male,US,,60,Single,5,223567
Joseph Johnson,Male,Switzerland,Manager,58,,1,216291
Joshua Dixon,Male,Canada,Nurse,52,,2,74447
Joshua Little,Male,Switzerland,Artist,33,Single,2,79601
Joshua Mueller,Male,Austria,Nurse,28,Single,0,44067
Joshua Newman,Male,Spain,,56,Married,1,224983
Joshua Newman,,Spain,,35,Single,2,298189
Joshua Santana,Male,Spain,,61,Divorced,0,146333
Joshua Swanson,Male,Italy,Manager,22,Single,0,195462
Joshua Williams,Male,Spain,Teacher,61,Single,2,32215
Joy Powers,Female,France,Teacher,,Married,0,55651
Joyce Glenn,Female,,,32,,3,75518
Juan Lewis,Male,France,Doctor,42,Married,0,107697
Judith Baker,Female,Canada,,64,Single,,124680
Judy Brown,Female,Switzerland,,30,Single,2,114086
Julia George,Female,France,Engineer,25,Divorced,0,272041
Julia Perez,Female,France,Nurse,46,Divorced,3,76048
Julian Miller,Male,Switzerland,Manager,39,Single,1,200985
Julie Fuller,Female,Germany,Engineer,39,Married,2,276639
Julie Keller,Female,Danemark,Jobless,60,Married,3,
Julie Marsh,Female,Deutschland,,40,Married,0,217510
Julie Olsen,Female,US,Teacher,47,,1,88704
Julie Serrano,Other,France,-,47,,0,112815
Julie White,Female,Germany,Doctor,69,Married,1,127041
Justin Green,Male,Spain,Manager,34,Single,2,232679
Justin Lee,Male,Italy,Doctor,66,Single,2,208785
Justin Nelson,Male,Spain,Teacher,43,Single,1,72106
Kaitlin Fuller,Female,US,Doctor,67,Single,,183983
Kara Kennedy,Female,Deutschland,,26,Married,0,179579
Kara Mcclain,Female,France,Nurse,40,Married,1,31066
Karen Barnes,Female,Austria,Manager,60,Married,1,146181
Karen Barnes,Female,Germany,-,53,Married,0,30296
Karen Crawford,Female,Austria,-,54,,2,86109
Karen Davis,Female,Austria,Artist,67,,2,81857
Karen Davis,Female,Italy,Nurse,49,Divorced,2,39789
Karen Howard,Other,Austria,-,66,Single,2,75784
Karen Lloyd,Female,US,Doctor,49,,0,280892
Karen Lopez,Female,Danemark,-,37,Single,2,19003
Karen Steele,Female,Switzerland,Engineer,26,Divorced,1,122906
Karen Thomas,Female,Canada,Artist,41,Married,3,47763
Karen Whitney,Female,Italy,Doctor,58,Divorced,0,170992
Katherine Becker,Female,Canada,-,48,Single,1,51919
Katherine Burton,Female,Canada,Jobless,21,Divorced,1,4504
Katherine Newman,Female,Danemark,Nurse,50,Single,0,
Katherine Nguyen,Female,Deutschland,-,23,Married,1,194537
Kathleen Cole,Female,Germany,Teacher,24,Married,0,
Kathleen Evans,Female,US,Nurse,27,Married,0,70301
Kathryn Howard,Female,France,Teacher,40,Married,1,83117
Kathryn Navarro,Female,Switzerland,Teacher,22,Single,2,77609
Kathryn Smith,Female,France,-,,Divorced,3,
Kathryn Stanley,,,Manager,62,Married,1,
Kathy Johnson,Female,Germany,-,68,Single,1,252866
Kathy Love,Female,Deutschland,,20,,2,216923
Katie Gonzalez,Female,,,44,Single,2,66248
Katie Harvey,Female,Italy,,24,Divorced,2,249072
Katie Long,Female,Spain,Manager,51,,1,239356
Katrina Johnston,Female,Germany,Artist,58,Married,2,80337
Kayla Jones,Female,Switzerland,Nurse,37,,2,80292
Kayla Middleton,Female,US,Doctor,33,Single,4,271104
Kayla Rodriguez,Female,US,,36,Divorced,0,220540
Keith Chavez,Male,Switzerland,,65,Divorced,1,206723
Keith Gallegos,Male,Danemark,Doctor,42,Single,0,238111
Keith Hurst,Male,Italy,-,56,Married,0,152923
Kelly Erickson,Female,Spain,,33,Married,0,1357
Kelly Franklin,Female,Austria,,,Divorced,2,217830
Kelly Kelly,Female,Austria,,39,Single,1,248193
Kelly Mullen,Female,Deutschland,-,48,Single,2,198153
Kelly Murray,Female,Canada,Manager,40,Single,1,103786
Kelly Nunez,Female,US,Manager,25,,,280221
Kelly Perez,Female,Spain,Doctor,49,Single,2,249004
Kelly Smith,Female,,,51,Married,1,20198
Kelsey Daniel,Female,Canada,Jobless,64,Single,1,3800
Kelsey Ruiz,Female,Canada,,47,Divorced,,161148
Kendra Rodriguez,Female,France,,54,Married,0,21411
Kenneth Baldwin,Male,Spain,Teacher,32,Single,3,48792
Kenneth Carey,Male,Italy,Engineer,43,Single,2,194354
Kenneth Gallagher,Male,Switzerland,Nurse,35,Single,2,44381
Kenneth Perez,Male,,,63,Single,0,102201
Kevin Frazier,Male,Italy,,58,Divorced,1,141350
Kevin Gentry,Male,Spain,Artist,35,Married,3,47627
Kevin Hicks,Male,Italy,-,23,Single,0,104901
Kevin Williams,Male,France,,67,Divorced,0,101171
Kevin Wilson,Male,Canada,Artist,35,Married,0,47379
Kim Cooper,Female,,,34,Married,2,172486
Kim Martinez,Female,Danemark,Engineer,24,Single,2,160204
Kimberly Adams,Female,Switzerland,Manager,66,Divorced,0,147830
Kimberly Bailey,,France,Manager,69,Single,0,257769
Kimberly Carey,Female,Spain,,31,Divorced,1,198305
Kimberly Cook,Female,Germany,Manager,39,Divorced,,203837
Kimberly Copeland,Female,Italy,Nurse,64,Single,0,34700
Kimberly Jones,Female,Austria,Artist,65,Single,0,59742
Kimberly Kelley,,Switzerland,Jobless,54,,0,16979
Kimberly Myers,Female,Switzerland,Doctor,66,Single,2,127395
Kimberly Rivas,Female,Espana,Teacher,19,Married,1,53346
Kimberly Rodriguez,Female,Italy,-,24,,1,226650
Kimberly Watts,Female,Spain,,20,Married,3,65892
Kimberly Yang,Female,Italy,Artist,27,Married,1,45198
Krista Bryant PhD,Female,Italy,Doctor,60,Married,0,134795
Kristen Graves,Female,Deutschland,,42,Single,,4355
Kristen Peterson,Female,Austria,Jobless,49,Single,0,29394
Kristen Phillips,Female,Deutschland,Teacher,50,Single,0,89572
Kristen Woodward,Female,Deutschland,Teacher,38,Single,3,70528
Kristin Brown,Female,US,Nurse,37,,3,57037
Kristin Castillo,Female,Italy,Nurse,30,Married,0,60604
Kristin Crosby,Female,Italy,,52,Single,1,272660
Kristin Harris,Female,Spain,Doctor,47,Married,,
Kristin Jones,Female,Deutschland,Teacher,70,Married,0,87729
Kristin Murphy,,Canada,Jobless,37,Married,1,13227
Kristin Smith,Female,US,Doctor,47,Divorced,1,268091
Kristin Smith,Female,Espana,Artist,67,Single,0,79428
Kristina Rodgers MD,Female,US,Nurse,25,Single,3,73764
Kristina Thomas,Female,,Manager,36,Single,1,270319
Kristina Wall,Female,Spain,Nurse,46,Single,1,75109
Kristine Taylor,Female,Deutschland,,,Married,0,100536
Krystal Blair,Female,,Artist,64,Single,0,84595
Krystal Logan,Female,US,,29,Single,2,152005
Kyle Cruz,Male,Danemark,Artist,18,Single,2,49006
Kyle Guerra,Male,Canada,Artist,68,Married,1,57599
Kyle Jones,Male,Switzerland,Artist,22,Single,3,38189
Kyle Mcbride,Male,Germany,Jobless,35,,2,7883
Lacey Jones,Female,Germany,,57,,1,91123
Lance Gonzalez,Male,Danemark,,21,Divorced,,8354
Larry Gregory,Male,Danemark,,68,Married,1,201219
Latasha White,Female,Germany,Doctor,58,Single,2,253459
Laura Adams,Female,Spain,,50,Married,1,294659
Laura Alvarez,Female,Austria,Artist,30,Divorced,0,55563
Laura Cuevas,Female,Deutschland,Manager,55,Married,3,267833
Laura Gilbert,,Italy,,60,Divorced,1,172135
Laura Hansen,Female,Spain,-,61,Single,1,243217
Laura Lopez,Female,France,Doctor,52,Married,1,174527
Laura Thompson,Female,Deutschland,-,63,Single,1,144179
Lauren Colon,Female,Italy,,36,Married,2,54703
Lauren Esparza,Female,Austria,Doctor,22,Single,0,115244
Lauren Evans,Female,France,Jobless,18,Divorced,2,
Lauren Miller,Female,Spain,-,,Married,3,180531
Lauren Parker,Female,Germany,Nurse,58,Single,2,72252
Lauren Perez,Female,US,,49,Married,0,19118
Lauren Robinson,Female,Deutschland,,21,Divorced,1,160198
Lauren Webb,Female,,,,Divorced,1,254088
Lauren Williams,Female,Spain,,58,Married,1,4077
Lauren Young,Female,France,,47,Married,0,12271
Laurie Mccarthy,Female,Austria,Engineer,38,Divorced,1,179472
Laurie Nguyen,Female,US,Artist,59,Divorced,2,58435
Laurie Vargas,Female,Spain,Jobless,60,Single,1,16540
Laurie Williams,Female,Danemark,Nurse,54,Married,,83226
Lawrence Solis,Male,Italy,,30,Single,2,77473
Leah Jones,Female,Spain,Teacher,25,Married,1,36823
Leah Nunez,Female,Germany,Jobless,25,Single,0,22039
Leah Russell,Female,Germany,,67,,2,247399
Leah Taylor,Female,Italy,Nurse,23,Divorced,2,81198
Lee Ellison,Male,Switzerland,Nurse,20,Single,0,58455
Linda Chavez,Female,France,Nurse,36,Married,1,44860
Linda Clark,Female,France,Teacher,49,Married,2,55624
Linda Cross,Female,France,Jobless,23,Single,1,29012
Linda Gray,Female,Austria,-,34,Single,0,247536
Linda Stone,Female,US,Doctor,36,Divorced,2,115126
Lindsay Moore,Female,Canada,Doctor,54,,3,
Lisa Bailey,Female,Austria,Engineer,33,Single,0,250965
Lisa Barrett,Female,Italy,Doctor,25,,1,284323
Lisa Boyer,,France,-,54,Single,3,163602
Lisa Collier,Female,US,Manager,69,Divorced,1,121744
Lisa Davis,Female,Danemark,Teacher,38,Single,3,64278
Lisa Fisher,Female,France,Doctor,32,Single,2,298340
Lisa Flowers,Female,Deutschland,Doctor,35,Single,0,190243
Lisa Jones,Female,Switzerland,,66,Single,,92130
Lisa Lawrence,Female,Austria,Nurse,,,1,46619
Lisa Lewis,Female,Austria,Artist,46,Single,0,54231
Lisa Mckee,,Spain,Engineer,69,,2,252539
Lisa Mitchell,Female,Austria,Artist,42,Single,,71605
Lisa Russell,Female,Italy,Artist,66,Single,1,72840
Lisa Short,Female,Deutschland,Engineer,19,Single,2,265477
Lisa Sullivan,Female,Switzerland,,62,Divorced,0,59729
Lisa Wagner,Female,Danemark,Nurse,31,Single,2,47804
Lisa Welch,Female,Austria,,59,Single,1,298590
Lisa Wilson,Female,Germany,Nurse,28,Married,,89213
Lori Fuentes,Female,Canada,Jobless,55,Married,2,13237
Lori Grant,Female,Switzerland,Teacher,47,Single,0,48650
Lori Henry,Female,Italy,-,37,Married,3,156724
Lori Mckee,Female,Austria,Artist,55,,0,63066
Lori Villanueva,Female,Germany,,57,Single,2,115849
Lori Young,Female,France,Manager,29,Married,0,298818
Lorraine Mueller,Female,US,Manager,28,Single,3,115238
Lucas Caldwell,Other,Austria,-,22,,2,104622
Luis Vang,Male,Germany,Teacher,58,,2,60734
Lydia Wilson,Female,France,Nurse,39,Single,1,87417
Madeline Howell,Female,Danemark,Artist,69,Married,2,61405
Madeline Morris,Female,Switzerland,Doctor,22,Divorced,0,125942
Madeline Osborne,Female,Germany,,61,Married,1,229234
Makayla Berg,Female,Deutschland,-,70,Married,2,19992
Mallory Boyd,Female,Deutschland,Jobless,,Single,1,3881
Mallory Williamson,Female,Germany,Artist,36,Single,0,60489
Marc Parker,Male,Austria,Nurse,28,Married,1,63586
Maria Delgado,Female,Deutschland,Teacher,56,Divorced,1,62417
Maria James,Female,Austria,Doctor,35,Married,3,229160
Maria Jordan,Female,US,Jobless,61,,0,25623
Maria Morgan,Female,Spain,-,29,Single,1,273443
Mariah Andrade,Female,France,Nurse,22,Married,1,70940
Marilyn Davis,,Switzerland,Artist,70,Married,4,30501
Marisa Bauer,Female,Italy,-,59,Married,0,134028
Mark Davis,Other,Deutschland,,45,Single,1,246835
Mark Hardy,Male,Danemark,Teacher,56,,2,32660
Mark Scott,Male,Deutschland,Artist,25,Divorced,0,44824
Mark Stephens,Male,Switzerland,,51,,1,125291
Mark Ward,Male,France,Teacher,52,Single,2,81368
Martha Lane,Female,Germany,Teacher,56,,0,49322
Martin Flowers,Other,Italy,Manager,61,Married,2,133057
Martin Quinn,Male,Danemark,Teacher,44,,0,69056
Mary Cardenas,Female,US,Manager,22,Single,2,258464
Mary Gallegos,Female,Deutschland,-,19,,1,33225
Mary Garcia,Female,Spain,Doctor,,,2,120590
Mary Gould,Female,Germany,Manager,34,,0,100597
Mary Hart,Female,US,-,54,Divorced,1,53417
Mary Haynes,Female,,,45,Single,1,179659
Mary Huang,Female,Italy,Doctor,64,Divorced,0,
Mary Roberts,Other,France,,44,Single,0,252359
Mary Simon,Female,Spain,Teacher,18,,4,47146
Mary Turner,Female,Italy,Engineer,58,Married,,184728
Mary Wall,,Canada,Doctor,35,,1,284367
Matthew Henson MD,Male,Spain,Jobless,30,Married,1,21197
Matthew Silva,Male,France,Artist,47,Married,0,
Maurice Wilson,,Canada,,55,,1,208532
Meagan Anderson,Female,Canada,Jobless,27,Single,2,10755
Meagan Berg,Female,Italy,-,46,Divorced,2,12947
Megan Collins,Female,Spain,Artist,19,Single,2,32642
Megan Davenport,Other,Spain,Manager,61,Single,2,116254
Megan Evans,Female,Danemark,Doctor,65,Single,2,258780
Megan Hudson MD,Female,Spain,,40,Single,0,180678
Megan Smith,Female,France,Jobless,22,Divorced,0,25301
Megan Snyder,Female,France,-,43,Single,0,47927
Megan Wilson,Female,Deutschland,,27,Married,0,173713
Meghan Holloway,,Spain,Manager,18,Single,3,236305
Melanie Diaz,Female,US,Manager,51,Single,3,176124
Melanie Dodson,Other,,,31,Married,4,68807
Melanie Drake,Female,Germany,Manager,59,Married,3,166658
Melissa Foster,Female,France,Engineer,59,Divorced,0,161282
Melissa Griffin,Female,Canada,Jobless,59,Married,2,22694
Melissa Kirby,Female,France,Jobless,22,Single,2,7890
Melissa Moore,Female,Spain,Jobless,59,Married,1,22823
Melissa Ortiz,Female,US,Jobless,59,Married,1,22613
Melissa Russell,Female,US,,20,Married,2,142568
Melissa Salinas,Female,Germany,-,38,Single,3,57936
Melissa Schneider,Female,Switzerland,Manager,42,Single,,298641
Melissa Wheeler,Female,Danemark,Engineer,46,Married,2,268783
Michael Allen,Other,Italy,,33,Single,2,218320
Michael Carpenter,Male,US,Artist,68,Single,2,82404
Michael Carroll DVM,Male,US,Engineer,,Single,0,
Michael Fernandez,Other,Canada,,68,Married,1,195800
Michael Friedman,Male,US,,20,Married,2,
Michael Hernandez,,France,Nurse,47,Single,2,54853
Michael Hill,Male,Germany,Nurse,56,Single,1,72499
Michael Hughes,Male,Canada,Manager,53,Married,1,136162
Michael King,Male,Danemark,-,32,Divorced,2,219005
Michael Lewis,Male,Deutschland,-,70,Married,1,263749
Michael Lewis,Male,Switzerland,-,45,Divorced,1,142706
Michael Martinez,Male,France,Jobless,63,Single,2,29792
Michael Miller,,Austria,Nurse,69,Married,1,68329
Michael Moon,Male,,-,54,Single,2,194140
Michael Perez,Male,France,Artist,38,Single,1,83106
Michael Scott,Male,Canada,,68,Single,,9042
Michael Weiss,Male,,Artist,61,Married,0,40359
Michael Williams,Male,Germany,,,Divorced,1,230723
Michele Craig,Female,Switzerland,Teacher,63,,0,74783
Michele Dixon,Female,,Engineer,,Divorced,1,259232
Michele Jenkins,Female,,Artist,,Single,,54522
Michele White,Female,US,,28,Single,2,120867
Michelle Benton,Female,France,Doctor,38,Married,1,299647
Michelle Campos,Female,Switzerland,,23,Single,1,139074
Michelle Clark,Female,,,21,Single,1,47992
Michelle Daniels,Female,France,Artist,42,Single,1,30309
Michelle Garrison,Female,,,20,Divorced,1,286055
Michelle Gonzalez,Female,Italy,Engineer,54,Married,1,196514
Michelle Hicks,Female,Spain,Doctor,47,Single,3,205101
Michelle Kim,Female,France,Manager,19,Divorced,2,251462
Michelle Mason,Female,France,Jobless,42,Single,0,18059
Michelle Myers,Female,France,Jobless,38,,2,26241
Michelle Riddle,,Danemark,Jobless,28,Married,0,6695
Michelle Williams,Female,Switzerland,Jobless,30,Married,1,25821
Michelle Wright,Female,France,,,Married,1,60050
Mike Johnson,Male,Canada,Teacher,24,Married,2,85229
Mindy Hill,,,Jobless,,Married,1,15364
Miranda Garrison,Female,Danemark,,37,Single,3,139135
Miranda Reed,Female,Canada,Nurse,52,Single,2,80900
Miss Barbara Lewis,Female,Canada,,47,Divorced,1,200394
Miss Katie Rios DDS,Female,France,Teacher,27,Married,3,47510
Mitchell Gomez,Other,France,Engineer,30,Single,2,153846
Molly Barnes,Female,France,Nurse,20,Single,0,54110
Molly Stein,Female,Italy,-,19,Single,3,38916
Molly Wallace,Female,,Manager,54,Divorced,4,124592
Monica Hoover,Female,Spain,Artist,,Married,2,79233
Monica Hurley,Female,Switzerland,Nurse,52,,2,61820
Monica Kim,Female,US,Artist,34,Married,3,75415
Monica Liu,Female,France,Artist,61,Single,,72031
Monica Stewart,Female,France,Manager,,Single,0,233139
Monica Woods,Female,Canada,Artist,47,Married,2,36233
Monique Garcia,Female,Spain,-,58,,2,
Monique Snyder,Female,Italy,,43,Single,1,228844
Morgan Harmon,Female,,Manager,38,,3,260370
Mr. Jeffery Santos,Male,US,Jobless,46,Single,1,2009
Mr. Miguel Smith DVM,Male,Austria,Doctor,47,Married,3,270730
Mr. Nathan Brown,Male,France,,18,,1,43762
Mr. Roger Bullock,Male,France,-,42,Married,1,95055
Mr. Ryan Thompson,Male,Italy,Manager,52,Divorced,0,238354
Mrs. Karen Phillips,Female,US,Teacher,62,Single,1,65607
Mrs. Kimberly Christian DDS,Female,Deutschland,Doctor,,Single,1,258711
Mrs. Mary Parker,Female,Deutschland,Artist,57,Married,2,48478
Mrs. Michele Smith,Female,Germany,Jobless,54,Married,3,5183
Mrs. Patricia Underwood,Female,France,Artist,22,Single,0,55037
Ms. Laura Lucas,Female,Danemark,Artist,65,Married,2,70081
Ms. Tammy Holden DDS,Female,Switzerland,Jobless,20,Single,1,15999
Nancy Dickerson,Female,Danemark,,27,Single,1,
Nancy Johnson,Female,Spain,,21,Divorced,2,50920
Nancy Owens,Female,Austria,Engineer,28,Married,2,148834
Nancy Pollard,Female,US,,31,Single,1,223750
Nancy Rogers,Female,Germany,Manager,41,Single,1,242891
Nancy Sanchez,Female,Canada,Doctor,67,Divorced,1,134441
Nancy Shah,Female,France,-,68,Married,0,186805
Nancy Smith,Female,Germany,Doctor,53,Married,0,241184
Natalie Jenkins,Female,Deutschland,Jobless,45,Married,0,6751
Natalie Kelly,Female,US,Artist,25,Married,3,63454
Natalie Vasquez,Female,France,Manager,23,Single,1,221930
Natalie White,Female,France,Nurse,38,Single,0,61864
Nathan Avery PhD,Male,Switzerland,Jobless,33,Married,0,26809
Nathan Bass,Male,Italy,,34,Married,2,133685
Nathan Patel,Male,Austria,,,Single,1,245028
Nicholas Jefferson,Male,France,,27,,1,182613
Nicholas Mcmahon,Male,Deutschland,,28,Married,0,165593
Nicholas Morales,Male,Germany,,42,Divorced,0,128198
Nicholas Myers,Male,Germany,,45,Married,1,62702
Nicholas Simmons,Male,France,Artist,31,Single,3,47045
Nicholas Smith,,Spain,Engineer,,,2,142647
Nicole Boyle,Other,Austria,Jobless,48,Married,0,24672
Nicole Brady,Female,Deutschland,Teacher,20,Married,1,73827
Nicole Clark,Female,Germany,Nurse,61,Divorced,1,45272
Nicole Clark,Female,US,Doctor,55,Single,0,238776
Nicole Gonzalez MD,Female,Spain,Jobless,62,Married,0,8018
Nicole Smith,Female,Italy,Manager,30,Single,2,115002
Olivia Fields,Female,Deutschland,Artist,60,Single,3,89385
Oscar Barrera,Male,US,Teacher,55,Married,0,52365
Oscar Miller,Male,Canada,Nurse,23,Single,1,33768
Paige Haynes,Female,Italy,Teacher,28,Divorced,0,76922
Pamela Davis,Female,France,Jobless,43,Single,1,2459
Pamela Greene,Female,Canada,,59,Divorced,3,
Pamela Hart,Female,France,Jobless,39,Divorced,0,17907
Pamela Lopez,Female,Spain,Artist,31,Divorced,1,83824
Pamela Mann,Female,Canada,-,20,Single,2,186311
Pamela Mays,Female,Deutschland,-,45,Married,3,246494
Pamela Mendez,Other,Austria,Jobless,58,Single,3,25119
Pamela Ramsey,Female,Italy,,34,,1,40729
Pamela Spencer,Female,,,52,,0,238444
Patricia Carter,Female,Austria,Manager,,Married,4,147252
Patricia Davis,Female,Spain,Doctor,33,Married,2,250745
Patricia Doyle,Female,Germany,-,35,Divorced,2,230597
Patricia Lloyd,Female,Austria,Jobless,68,Single,3,4485
Patricia Moore,Female,Spain,Jobless,20,Single,4,8127
Patricia Ward,Female,France,Manager,38,,1,290301
Paul Robinson,Male,US,,60,,2,26558
Paul Willis,Male,Deutschland,Artist,47,Divorced,2,76546
Paula Hebert,Female,Italy,Manager,67,,1,265076
Paula Lyons,Female,France,,25,Married,2,48731
Paula Ward,Female,Austria,,34,Married,0,21664
Penny Johnson,Female,Italy,Manager,39,Divorced,1,154471
Peter Hicks,Male,France,,47,Married,0,161999
Peter Johnson,Male,Austria,Doctor,51,Married,3,235146
Phillip Jackson,Male,US,Nurse,34,Single,2,40762
Rachael Pierce,Female,Switzerland,Artist,25,Divorced,1,60753
Rachel Boyd,Female,Canada,,50,Single,5,34482
Rachel Campbell,Female,Danemark,Engineer,69,Single,2,159369
Rachel Clark,Female,Germany,Teacher,32,Married,1,54263
Rachel Gomez,Female,France,,41,Single,0,
Rachel Pham,Female,Canada,Jobless,64,Married,3,29006
Rachel Ramsey,Female,Italy,,51,Married,4,161510
Rachel Reilly,Female,US,-,30,Married,4,181816
Rachel Robles,Female,France,,60,,2,186417
Rachel Short,Female,France,Jobless,41,Married,0,17963
Randall Vazquez,Other,Austria,Engineer,21,Married,2,115829
Raymond Lawson,Male,Deutschland,Jobless,62,Divorced,1,11937
Rebecca Holloway,Female,,Artist,62,Single,2,51244
Rebecca Hooper,Female,France,,43,Single,1,60648
Rebecca Nguyen,Female,Austria,Artist,36,Single,4,55728
Rebecca Stokes,Female,,Artist,67,Single,2,72714
Rebecca Thompson,Female,Italy,Teacher,65,Single,,33435
Rebecca Williams,Female,,Artist,32,Married,2,62961
Rebecca Williamson,Female,Switzerland,Nurse,54,,2,58535
Regina Reed,Female,France,Artist,30,Single,2,33283
Renee Hoffman,Female,France,-,19,Single,0,247466
Renee Smith,Female,Austria,Nurse,43,Married,0,37829
Rhonda Butler,Other,France,Manager,47,Single,0,146604
Rhonda Hall,Female,Deutschland,,49,Single,2,256677
Rhonda Pennington,Female,Espana,,52,Single,2,149738
Richard Adams,Male,Canada,-,67,Divorced,2,282017
Richard Lee,Male,Deutschland,Teacher,51,Divorced,1,84582
Richard Lopez,Male,France,Nurse,,Married,1,88119
Ricky Anderson,Male,Italy,-,43,Married,1,148750
Robert Brown,Male,Canada,Nurse,69,Divorced,1,78016
Robert Haley,Male,Germany,Doctor,28,Single,1,137386
Robert Thomas,Male,Canada,-,56,Single,2,207257
Robert White,Male,France,Artist,33,Single,1,45622
Robin Green MD,Female,Germany,Teacher,48,Married,2,51849
Robin Rowe,Female,US,,62,Married,1,122716
Robyn Pham,Female,Italy,Nurse,47,Divorced,1,88693
Robyn Roberts,Female,Canada,Teacher,33,Divorced,3,81074
Ronald Daniels,Male,Germany,,70,Single,1,71147
Ronald Sullivan,Male,Switzerland,Jobless,33,Married,1,12385
Ronnie Stanley DVM,Other,France,Nurse,54,Married,3,37375
Ruben Taylor,Male,France,Teacher,40,Single,1,47729
Ruth Hansen,Female,Italy,Teacher,45,Married,2,54056
Ryan Lee,Male,Germany,,35,Single,2,37817
Ryan Neal,Male,Austria,Engineer,22,,1,
Ryan Wu,Male,Canada,,65,Single,0,215392
Sabrina Gonzalez,Female,Austria,,49,Divorced,2,115224
Sabrina Walker,Female,US,,68,Divorced,2,98350
Samantha Davidson,Female,US,Teacher,24,Single,2,87941
Samantha Davis,Female,Germany,Engineer,28,Single,1,260352
Samantha Hamilton,Female,France,Nurse,54,Single,1,52797
Samantha Washington,Female,Canada,Doctor,37,Single,3,206677
Samuel Ramirez II,Male,Canada,Engineer,47,Single,2,
Sandra Long,,Austria,Artist,47,Single,1,44682
Sandra Mccall,Other,France,Doctor,27,Single,1,107004
Sandra Mcfarland,Female,France,Artist,,Divorced,2,61000
Sandra Ochoa,Female,France,,63,Single,,277012
Sandy Barry,Other,Deutschland,Jobless,37,Single,1,10831
Sandy Mcdaniel,Female,Germany,Manager,46,Single,0,291620
Sara Ashley,,Germany,Teacher,,,,56684
Sara Gutierrez,Female,Switzerland,Teacher,38,,2,41645
Sara Howell,Female,,-,29,Single,2,245457
Sara King,Female,Danemark,Nurse,45,Single,2,60454
Sara Luna,Female,US,Manager,46,,2,227108
Sara Morris,Female,France,,29,Married,3,127703
Sara Weaver,Female,Switzerland,-,70,Single,2,126991
Sarah Adkins,Female,,Manager,53,,,173620
Sarah Graham,Female,Canada,,26,Married,0,29928
Sarah Jackson,,Germany,Manager,32,Married,2,263702
Sarah Mcdaniel,Female,France,-,22,Single,4,16972
Sarah Perkins,Female,Spain,,39,Married,2,55819
Sarah Rowe,Female,France,,,Divorced,1,
Sarah Smith,Female,Spain,Artist,67,Married,2,40507
Sarah Spence,,Austria,Manager,57,Divorced,2,178227
Scott Farrell,Male,Switzerland,,46,Married,0,71319
Scott Shaw,Male,Spain,,60,,2,165663
Scott Stephens,Male,Danemark,,70,Single,2,
Selena Flores,Female,France,,22,Married,1,231857
Selena Hanson,Female,Germany,Teacher,41,Married,2,45420
Seth Romero,Male,Germany,Doctor,70,Single,1,166592
Seth Scott,Male,Canada,Manager,,Single,1,202806
Shannon Bell,Female,,,19,Married,3,163389
Shannon Lewis,Female,Switzerland,,62,Divorced,2,7083
Shannon Romero,Female,Germany,Artist,44,Divorced,0,89915
Shannon Stanley,Female,France,,59,Divorced,3,292131
Shannon Thompson,Female,Germany,-,47,Married,0,16325
Shannon Wagner,Female,Canada,Jobless,45,,1,16072
Shari Knight,Female,Switzerland,Engineer,24,Divorced,2,107207
Sharon Bell,Female,Deutschland,,44,,1,53368
Sharon Compton,Female,Germany,,58,,4,177379
Sharon Gibson,Female,Austria,-,32,Divorced,,
Sharon Little,Female,Canada,-,33,Married,2,129173
Sharon Smith,Female,,Artist,45,Single,3,59826
Sharon Swanson,Female,Switzerland,,33,Married,2,62836
Sharon Williams,Female,Spain,-,39,,1,19983
Shawn Brock,Male,Germany,Doctor,,Single,2,201169
Sheena King,Female,France,Jobless,60,Single,4,14710
Sheila Bond,Female,Italy,Nurse,26,Married,1,
Shelby Barr,Female,Canada,,23,Married,5,27654
Shelby Robinson,Female,Spain,Engineer,32,Married,1,134696
Sheri Turner,Female,Austria,Manager,42,Single,2,125474
Sherri Jackson,Female,Canada,,68,Single,1,119338
Sherry Meyers,Female,France,,,Single,1,103034
Sheryl Jackson,Female,Austria,,61,Divorced,0,130140
Shirley Ross,Other,Spain,Jobless,,Divorced,3,991
Sierra Robertson,Female,France,,18,Single,0,135499
Sierra Wolfe,Female,US,Artist,62,Divorced,0,44758
Sonya Richards,Female,Germany,Artist,64,Married,2,34513
Sophia Adams,Female,France,,50,Single,3,40742
Sophia Foster,Female,Germany,Nurse,38,Single,0,34344
Sophia Smith,Other,,,34,Divorced,4,95671
Spencer Wood,,Austria,Doctor,40,Divorced,1,229705
Stacey Camacho,Female,France,Artist,33,Married,1,57654
Stacey Hansen,Female,Deutschland,,22,Divorced,0,4521
Stacey Kim,Female,Spain,Manager,31,Married,0,163477
Stacey Martin,Female,Italy,Manager,57,,1,203181
Stacey Peterson,Female,Switzerland,Artist,32,Divorced,1,35783
Stacy Peterson,Female,Spain,,67,Married,0,218485
Stephanie Brown,Female,France,,60,Single,1,77837
Stephanie Hernandez,Other,France,-,22,Married,1,189746
Stephanie Maynard,Female,Danemark,Doctor,63,Divorced,3,116466
Stephanie Peterson,Female,Deutschland,,59,Married,1,167516
Stephanie Smith,Female,France,Doctor,49,Single,1,267382
Stephanie Stanley,Female,Germany,Jobless,,Married,0,17037
Stephanie Weber,Female,France,Manager,23,Married,0,107419
Stephen Burton,Male,Switzerland,Artist,39,Married,1,68951
Stephen Jones,Male,Spain,Teacher,59,Single,2,65948
Stephen Kennedy,Male,Deutschland,Engineer,34,,2,179031
Stephen Murphy,Male,Espana,Engineer,39,Married,1,175950
Steve Moody,Male,Austria,Manager,64,Divorced,0,249664
Steven Reynolds,Male,Spain,,41,Married,2,70402
Susan Brown,Female,Germany,,46,Single,0,85402
Susan Cox,Other,Switzerland,-,30,Divorced,2,217350
Susan Evans,Female,,Doctor,58,Married,0,256886
Susan Fernandez,Female,Austria,,63,Single,,146524
Susan Jackson,Female,,Doctor,41,Married,4,277212
Susan Jackson,Female,Germany,Nurse,47,Single,1,54430
Susan Jones,Female,Switzerland,,20,Single,3,168930
Susan Thompson,Female,Italy,Nurse,40,Married,0,85585
Suzanne Brooks,Female,Espana,Jobless,,Married,2,26669
Suzanne Gaines,Female,Canada,Engineer,61,Divorced,0,132129
Suzanne Lin,Female,Austria,Jobless,24,Divorced,1,29952
Sydney Friedman,Female,France,Engineer,36,Married,1,
Tamara Armstrong,Female,Italy,,27,Married,2,131383
Tamara Parker,Female,Austria,Manager,31,Divorced,2,125583
Tammy Bullock,Female,Italy,,19,Divorced,1,171917
Tammy Bush,Other,Spain,Jobless,54,Married,3,1251
Tammy Ferguson,,Switzerland,,43,Single,2,75145
Tanya Brown,Female,,Artist,48,Single,0,85698
Tara Washington,Female,US,Manager,40,Single,2,242827
Taylor Bailey,Female,Deutschland,Artist,,Married,2,34215
Taylor Gutierrez,Female,Italy,Nurse,61,Single,0,77006
Taylor Meyer,Male,Germany,,52,Divorced,2,151280
Taylor Porter,Male,US,Engineer,60,Married,,206266
Teresa Andrews,Female,Austria,Manager,26,,2,264501
Teresa Cooper,Female,Germany,Artist,39,Single,2,73903
Teresa Harrison,Female,Italy,Teacher,23,Married,3,33057
Teresa Hicks,Female,France,Teacher,22,Married,1,
Teresa West,Female,Austria,Doctor,59,Divorced,1,231064
Terri Warren,Female,Germany,Engineer,22,Married,2,175148
Terri Wong,Female,US,Manager,34,Divorced,1,184730
Terry Adams,Male,Switzerland,-,50,Single,1,89190
Terry Stafford,Male,Switzerland,-,54,Married,1,160550
Terry Vega,Male,France,,43,Married,4,209853
Terry Yates,Male,France,,64,Single,1,23762
Theresa Frank,Female,Canada,,56,Married,1,148252
Theresa Lawrence,Female,France,,29,Married,1,
Theresa Ochoa,Female,Austria,Nurse,62,Divorced,1,41781
Thomas Henderson,Male,France,,63,Single,,24021
Thomas Martin,Male,Spain,,48,Married,2,175525
Tiffany Barber,Female,US,,48,Single,0,46511
Tiffany Doyle,Female,Spain,Teacher,47,,2,56006
Tiffany Harris,Female,US,Teacher,65,Single,0,35144
Tiffany Norman,Female,Austria,Nurse,67,Divorced,1,60456
Tiffany Rodriguez,Female,Austria,,28,Single,0,163191
Timothy Ball,Male,France,Doctor,,Divorced,1,193431
Timothy Blevins DVM,Male,Italy,-,50,,1,238589
Timothy Clark,Male,Danemark,Doctor,22,Married,1,252636
Timothy Gutierrez,,Deutschland,,,Married,,143239
Timothy Lopez,Male,Switzerland,Artist,37,Married,0,61952
Timothy Orozco,Male,Deutschland,,49,Divorced,0,179949
Tina Chavez,Female,Deutschland,Engineer,64,Married,,170493
Tina Garcia,Female,Italy,,70,Single,2,244111
Tina Grant,,France,-,54,Married,1,107261
Tina Hampton,Female,Danemark,Artist,70,Single,1,32179
Tina Miller,Female,Germany,Engineer,20,Single,2,169681
Tina Ortega MD,Female,Germany,Nurse,22,Single,1,30342
Tina Riggs,Female,Canada,Manager,53,Single,2,235315
Tina Wood,Female,Italy,Teacher,27,,3,44626
Toni Davis DDS,Female,Spain,Nurse,51,Divorced,0,31074
Toni Goodman,Female,Canada,Artist,66,Single,1,61492
Tony Griffin,Male,,Engineer,53,Divorced,1,155882
Tonya Bradford,Female,Spain,-,20,Married,2,161822
Tonya Brown,Female,France,Artist,31,Married,3,55291
Tonya Robinson,Female,Switzerland,,47,Divorced,3,27577
Tracey Barron,Female,Spain,Nurse,18,Married,2,34534
Traci Massey,Female,Germany,Engineer,60,Divorced,3,271470
Tracy Cole,Male,Switzerland,Artist,42,Single,1,76443
Tracy Cruz,Female,Austria,Teacher,36,Married,0,40917
Tracy Farmer,Female,Canada,Engineer,66,Divorced,1,265307
Tracy Hall,Female,France,Doctor,61,Married,2,111662
Tracy Miller,Female,Spain,Teacher,20,Divorced,1,58904
Tracy Smith,Female,Austria,,69,Married,3,47257
Tracy Spencer DDS,Female,US,-,45,Single,1,174709
Travis Gallagher,Male,France,,53,,1,209826
Troy Huang,Other,US,Doctor,54,Married,3,164770
Troy Rodriguez,Male,Switzerland,Artist,41,Single,2,36697
Tyler Jones,Other,Switzerland,,63,Single,2,174872
Tyler Montgomery,Male,Spain,Teacher,36,Single,1,37554
Tyler Thomas,Male,Germany,Jobless,65,Married,,26145
Valerie Obrien,Female,Spain,Artist,44,Divorced,0,71939
Vanessa Ramirez,Female,Germany,Teacher,48,Single,0,59891
Vanessa Sampson,Female,US,Manager,38,Married,1,290746
Vanessa Sullivan,Female,US,,60,Single,2,276360
Veronica Brady,Female,Austria,Manager,49,Single,1,172703
Veronica Hernandez,Female,Switzerland,Doctor,64,Married,2,283133
Veronica Smith,Female,France,,39,Divorced,1,266191
Vicki Parks,Female,Spain,Teacher,53,Married,3,51836
Vicki Sanders,Female,France,,33,Single,0,139636
Vickie Trujillo,Female,Austria,Teacher,44,Divorced,1,56752
Vickie Watson,Female,Austria,,33,Married,1,256647
Victor Kemp,Other,France,Manager,23,Married,4,201093
Victor Prince,Male,Austria,Jobless,38,Married,0,6866
Victoria Garcia,Female,France,,25,Married,2,277103
Vincent Allen,,,Jobless,25,Single,1,19642
Vincent Hayes,Male,Deutschland,,20,Single,1,21651
Vincent Perez,,US,Doctor,68,Married,1,101222
Walter Kline,Male,France,Teacher,47,Divorced,1,55175
Walter Swanson,Male,Austria,Artist,37,Married,2,39996
Wanda Smith,Female,US,Manager,25,Divorced,0,124246
Wanda Thompson,Female,US,Manager,37,,0,228155
Wayne Wilson,Male,Germany,,59,Single,1,
Wendy Carter,Female,Spain,Manager,65,,,224883
Wendy Rivera,Female,Deutschland,Manager,63,Married,1,154654
Whitney Gutierrez,Female,Germany,Manager,42,Married,1,227546
Whitney Howard,Female,US,Nurse,59,Single,0,89402
William Cook,Male,US,-,45,Married,2,235780
William Dixon,Male,Deutschland,,23,,1,283588
William Fowler,Male,Switzerland,Nurse,61,Married,0,89904
William Harding,Male,US,,53,Married,1,185431
William Jackson,Male,Deutschland,,29,Single,1,291617
William Johnson,Male,Germany,Artist,48,Divorced,2,50717
William Riddle,Other,France,Engineer,42,Married,3,286309
Willie Ward,Male,Germany,,44,Married,2,63611
Yvette Ramos,Female,US,Artist,34,,0,57022