Name,Product Color,Rating,Date of Sale,Review
Abigail Brown,White,5,8/8/25,
Abigail Nielsen,Green,5,6/4/25,Wonderful cleaner. I recommand to anyone who is working lot and do not have time for chores.
Adam Kerr,Black,4.1,4/7/25,Cleans carpets deeply and thoroughly.
Adam Long,Black,4.8,7/27/25,Makes cleaning almost fun!
Adrienne Davis,Black,5,9/20/25,Works well daily.
Alan James,Red,5,7/8/25,I use it every day now. Super easy to grab and go.
Alex Kelly,Green,4.4,5/12/25,Facile a manipuler et transporter.
Alexa Mcknight,Red,5,2/8/25,Wonderful I did not have time for chores but not it is super clean.
Alexander Paul,Red,,6/21/25,This vacuum is fantastic! It handles all surfaces effortlessly and is very easy to maneuver.
Alexander Tran,Red,5,5/17/25,Carpet lines look like a professional cleaner did it.
Alexandra Hill,Blue,4.8,7/19/25,"If you hate vacuuming, this might change your mind."
Alexandra Moore,White,4.9,2/2/25,Sehr effektiv auf Teppichen und Hartb√∂den.
Alexandra Owens,Red,4.7,1/29/25,I love the vacuum I bought it cleans perfectly and is super light and quiet.
Alexis Melendez,Black,4.6,6/17/25,Glides over rugs and floor mats easily.
Alicia Colon,Red,2,4/9/25,Perfect for pet owners but super expensive
Alicia Daniels,Black,4,9/14/25,Easy to store vertically or horizontally.
Alicia Fuller,White,3.7,6/30/25,Poor maneuverability on stairs.
Alicia Miles,Green,4.8,5/19/25,So light I can carry it with one hand!
Alicia Nguyen,Blue,4.1,4/18/25,Great on hardwood.
Alison Simpson,Blue,5,4/6/25,Compact
Allison Garcia,Black,1,2/18/25,My bank account does not like it.
Allison Jenkins,Red,5,4/10/25,Quiet smooth and highly effective.
Allison Oliver,Green,5,3/4/25,Sehr effektiv auf Teppichen und Hartb√∂den.
Allison Sullivan,Blue,4.7,3/23/25,Picks up dirt I didn‚Äôt even know was there.
Allison Tran,Red,4.9,8/12/25,Satisfying
Alyssa Dawson,Red,,,Perfect for homes with pets.
Alyssa Hines,Green,3.4,9/29/25,Cable tangles constantly.
Alyssa Johnson,Black,4.3,5/6/25,life duration meet expectations
Alyssa Schroeder,Black,4.5,6/30/25,Perfekt f√ºr Tierhaare im Haushalt.
Alyssa Sims,Green,4.6,2/18/25,Vacuum stays cool during long cleans.
Amanda Bryant,White,5,7/2/25,It even sucks up cat litter without scattering it.
Amanda Garcia,Green,4.7,,Gute Kombination aus Gewicht und Leistung.
Amanda Garner,Red,5,6/2/25,save time and good quality
Amanda Horton,Green,4.5,7/24/25,I use it every day now. Super easy to grab and go.
Amanda Jackson,Blue,2,6/15/25,Dustbin too small and overpriced device. 
Amanda Lewis,Blue,5,5/23/25,Handles sand well.
Amanda Lindsey DDS,White,4.1,,Perfect
Amanda Miller,Blue,5,8/1/25,Incredible suction for such a small vacuum.
Amanda Moon,Black,5,4/23/25,Ramasse poussiere et saletes diverses.
Amanda Reed,White,5,6/29/25,"Passt in jeden Schrank, sehr kompakt."
Amanda Reed,White,4,2/11/25,Un peu cher mais tres bon qualite
Amanda Sanders,Black,5,1/31/25,expectations met
Amanda Tate MD,Red,4.8,6/3/25,Id√©al pour maison et voiture.
Amanda Tucker,Black,4.8,2/28/25,Game changer for my allergies!
Amber Fox,Blue,3.7,4/4/25,Attachments feel cheap and often fall off during use.
Amber Hernandez,Green,3.6,6/10/25,Uncomfortable to hold.
Amber Leblanc,Black,4.6,3/15/25,Light and ergonomic for easy use.
Amber Lee,White,4.4,6/14/25,Cleans hardwood floors without scratching.
Amber Martinez,Blue,4.8,3/9/25,"Glatte Oberflache, einfach sauber zu halten."
Amber Richardson,Black,4.8,3/28/25,Makes cleaning almost fun!
Amy Abbott,,4.8,2/7/25,recommended
Amy Barron,White,5,2/4/25,
Amy Combs,Red,5,9/10/25,"Super cool when you work a lot, appartment stays clean. "
Amy Dunn,Black,3,8/27/25,Schnelles Laden und lange Laufzeit aber sehr teuer.
Amy Jenkins,Blue,4.7,6/26/25,Picks up everything in a single pass.
Amy Jennings,White,1,5/29/25,Too heavy to carry and expensive
Amy Leonard,Red,5,7/23/25,The included accessories are actually useful.
Amy Marks,Blue,5,4/2/25,Simple to charge and store.
Amy Mendez,Green,4.2,8/18/25,Convenient
Amy Myers,Red,5,7/27/25,"Filter is washable, which saves money."
Amy Wolf,,4.8,8/9/25,
Andrea Curtis,Blue,5,5/10/25,Accessoires included
Andrea Garcia,Green,,9/1/25,Very lightweight even my kids use it.
Andrea Hester,Black,4.7,7/22/25,Long battery life.
Andrea Jackson,White,5,8/2/25,Flexible attachments.
Andrea Rodgers,Red,2.4,4/26/25,Good vacuum but expensive.
Andrea Russell,Blue,5,8/4/25,Powerful
Andrea Tate,Green,1.1,6/11/25,
Andrea Valdez,Blue,5,7/24/25,
Andrew Hopkins,White,5,2/2/25,Love the attachments.
Andrew Moore,Blue,4,2/9/25,Hurtig opladning og lang brugstid.
Andrew Pitts,White,5,3/15/25,Powerful despite compact design. 
Andrew Stone,Red,4.4,5/20/25,
Andrew Ward,Red,4.4,6/17/25,Good suction power.
Andrew Zhang,White,4.9,4/5/25,
Angel Snyder,Black,4.4,5/26/25,
Angela Davis,Blue,5,6/6/25,Ideal pour maison et voiture.
Angela Garcia,Blue,3.9,3/28/25,Great value for the price. Strong motor and convenient features make cleaning effortless.
Angela Johnson,Green,4,4/25/25,"Better than my old Dyson, honestly."
Angela Mcknight,Red,5,6/17/25,Efficient and reliable.
Angela Reid DDS,Black,3.7,4/22/25,
Angela Rodriguez,Red,5,2/10/25,Dust bin empties without mess i love it.
Angela Smith,Green,5,9/27/25,Perfect for apartments or smaller spaces.
Angela Wilson,Blue,5,6/27/25,Works on all floors.
Angelica Torres,Blue,5,8/25/25,No suction boost.
Ann Combs,Black,2,8/19/25,Expensive.
Ann Smith,Green,4.2,4/1/25,Innovative
Anna Fowler,Green,5,7/9/25,
Anna Hall,Black,5,5/30/25,Ideal fur Wohnungen und kleine Raume.
Anna Hughes,White,5,6/21/25,
Anna Jones,Blue,4,3/27/25,Strong suction without being too noisy.
Anna Ortiz,Black,5,2/1/25,Cleans carpets and hardwood flawlessly.
Anna Ramos,Blue,3.7,3/25/25,Simple design but works like a beast.
Anna Tate,Blue,4,6/11/25,Ideal for both carpet and tile.
Anna West,Black,5,9/7/25,Perfect for apartments or smaller spaces.
Anna Williams,Blue,5,7/3/25,Maneuvers under furniture.
Anne Brown,Blue,4.2,9/24/25,
Anne Hayes,Green,4.8,6/6/25,Cordless design is a game changer. I can clean every room without restrictions.
Anne Hines,,4.4,3/15/25,Sehr leise im Betrieb.
Annette Carter,Blue,4,,Perfect for busy households.
Anthony Burke,White,4.3,4/13/25,Easy to empty dustbin without mess.
Anthony Perez,Blue,5,3/17/25,
Anthony Wheeler,Green,4.8,8/11/25,Impressiv long battery life
Antonio Phillips,Blue,4.7,1/26/25,I love the swivel head ‚Äî it turns on a dime.
Antonio Rivera,Blue,4.9,7/29/25,Love the long cord and attachments!
April Faulkner,Red,4.9,8/8/25,
Ashlee Stephens,Green,4.8,5/27/25,Works amazingly on area rugs.
Ashley Adams,Black,5,8/13/25,Finally a vacuum that doesn‚Äôt clog!
Ashley Anderson,,5,9/3/25,facile a utiliser
Ashley Bentley,White,4.8,6/23/25,Pulls dirt from deep carpet.
Ashley Berry,White,4.7,6/20/25,Kann ich jedem empfehlen.
Ashley Brown,,3.5,8/26/25,Expensive but doesnt scare the dog.
Ashley Henson,Blue,3.2,1/25/25,Overpriced and ineffective.
Ashley Miller,Green,4.9,,Highly recommend!Lasts a long time on a single charge.
Ashley Moore,Blue,2.4,9/7/25,Helpful but super expensive. After sales is also expensive.
Ashley Ortega,Blue,4.5,6/17/25,The attachments are super useful for tight spots.
Ashley Ritter,Red,4.7,7/12/25,"Picks up glitter, sand, and fine dust no problem."
Ashley Thomas,Black,2,4/9/25,Expensive.
Ashley Watts,Blue,2.3,4/28/25,Filter is washable but for the price this is the least we expect.
Audrey Guzman,White,4.9,4/27/25,Silencieux et performant.
Austin Carlson,Green,4.2,9/7/25,Makes vacuuming less of a chore.
Austin Carter,Red,5,9/14/25,Perfect for apartments and small homes.
Austin Moore,Green,5,8/3/25,Easy dustbin emptying.
Austin Wade,Black,3,7/9/25,Best vacuum I ve bought but it is expensive
Barbara Bailey,Red,4,9/28/25,
Barbara Fleming,Green,3,3/21/25,Expensive device.
Barbara Green,Red,3.9,8/3/25,Filter rinses clean in seconds. super convenient.
Barbara Holmes,Black,3.6,2/17/25,Fits under low furniture with no trouble at all. Price is bit high.
Barbara Jackson,White,4,2/2/25,Works on all floors.
Barbara Jacobs,Black,5,5/30/25,Saugkopf dreht sich leicht um Ecken.
Barbara Moyer,Blue,4,8/3/25,
Barbara Welch PhD,,4.4,3/23/25,Superb
Barry Williams,Red,4.5,4/12/25,"Picks up glitter, sand, and fine dust no problem."
Belinda Johnson,Blue,5,1/25/25,Durable
Benjamin Carey,Green,4.9,8/21/25,Incredible value for what it offers.
Benjamin Coleman,Blue,4.8,2/5/25,
Bernard Hart,Blue,4.7,9/13/25,Makes vacuuming oddly satisfying.
Beth Cross,Green,3.9,,Einfache Bedienung und praktische Funktionen.
Beverly Lowery,Green,4.3,9/3/25,Great on hardwood.
Beverly Torres,Red,2.3,3/17/25,Saugkopf dreht sich leicht um Ecken. ABER SEHR TEUER.
Billy Stein,Green,4.3,4/14/25,Great suction and easy filter cleaning.
Bobby Graham,Blue,5,1/25/25,Nem at styre p√• trapper.
Bobby Mills,White,5,4/24/25,Gutes Handling auch fur altere Menschen.
Bonnie Hines,White,1,9/3/25,Stylish but cost a kidney.
Bonnie Maddox,Red,4.8,8/4/25,Schnelle und grundliche Reinigung.
Bonnie Mendoza,Green,4.6,3/2/25,saves time.
Brandon Carey,Black,,2/26/25,
Brandon Smith,White,4.7,3/24/25,I love the swivel head ‚Äî it turns on a dime.
Brandon White,Black,5,8/24/25,No hair tangles that is a first for me!
Brandon Yang,Black,3.8,8/2/25,Hard to reach corners.
Brandy Hall,,5,7/9/25,Attachments work great for tight spaces.
Brandy Wall,Red,4.8,,"Vacuum is noisy and distracting, making it unpleasant to use for long periods."
Breanna Grant,White,4.6,7/12/25,Perfect for daily quick cleanups.
Brenda Briggs,Green,5,9/28/25,
Brenda Huffman,Blue,4.2,6/2/25,ok
Brenda Smith,Blue,4.4,3/30/25,Bonne prise en main.
Brent Contreras,White,5,1/26/25,"Incredible suction power, and it fits under low furniture with no trouble at all."
Brent Duarte,Black,2.6,4/7/25,Incredibly expensive.
Brian Foster,White,4.1,3/12/25,Dyson who?
Brian Hall,Red,5,2/2/25,User-friendly design.
Brian Lamb,Green,,4/30/25,
Brian Nelson,Green,4.6,4/3/25,Works well on both carpet and tile.
Brian Rios,Green,3.9,5/7/25,Charging takes a very long time compared to other similar models.
Brian Sanders MD,White,5,9/29/25,Strong suction handles all floor types.
Brianna Hensley,Green,3,8/15/25,Powerful suction but pricey
Bridget Estrada,Red,1,2/4/25,why is it so expensive? Not good quality. 
Brittany Cole,Black,4.1,8/21/25,Handles thick rugs and pet fur easily.
Brittany Flores,Blue,1,7/10/25,Vaccum everything even your money on the bank account.
Brittany Gomez,Black,4.9,9/9/25,Perfect
Brittany Hall,Green,,4/20/25,I bought one for each floor of my house.
Brittany Knight,Red,4.8,8/28/25,Smooth
Brittany Lopez,Red,1,7/4/25,Battery lasts longer than my bank account.
Brittany Shah,Green,3.8,2/12/25,bad
Brittney Kim,Blue,5,4/19/25,Battery lasts longer than expected.
Brittney Nguyen,,4.4,9/10/25,"Leicht zu man√∂vrieren, ideal f√ºr Treppen."
Brittney Torres,Black,3.8,7/15/25,
Brooke Hopkins,White,4.7,4/24/25,Meget st√∏jsvag under brug.
Brooke Johnson MD,Red,1.1,1/28/25,Perfect if you want to spend your money in expensive devices.
Brooke Taylor,Red,5,5/10/25,Battery is really good not like other brands
Bryan Reed,Red,4.3,4/6/25,Impressive build quality.
Bryan Valdez,Red,5,2/10/25,
Bryan Vargas,Red,5,8/28/25,Attachments make cleaning corners effortless.
Bryan White,Blue,3.8,8/24/25,Best vacuum. Picks up everything in just one quick pass. But price is really high.
Bryan Williams,Red,5,8/30/25,
Caitlin Hoover,Green,1.1,8/21/25,expensive.
Caitlyn Jones,Blue,3.2,3/30/25,Schnelles Laden und lange Laufzeit. 
Caleb Davis,Red,4.1,3/16/25,Meget st√∏jsvag under brug.
Calvin Warren,Green,4.8,3/27/25,
Candace Rogers,Green,4.2,9/21/25,buy it
Carla Sullivan,White,5,5/24/25,Works like magic.
Carlos Cole,White,2.1,7/19/25,Saugt Kr√ºmel und Haare zuverl√§ssig auf. Aber sehr teuer
Carlos Tucker,Black,5,3/27/25,"Hair, dust, cereal are gone instantly."
Carlos White,White,1.5,5/16/25,
Carol Bailey,Red,4,9/18/25,Pricey but powerful.
Carol Harding,,4,3/24/25,"Cleans deeply, very fast."
Carol Jones,Blue,5,2/10/25,I was bit scepticle at beginning. But i really dont regret the purshased. 
Caroline Smith,Green,4,,Quiet yet incredibly effective.
Carolyn Jackson,Black,5,4/10/25,Quiet operation lets me vacuum anytime.
Carolyn Sherman,Green,4.8,4/2/25,
Carolyn Thomas,Green,3.5,7/29/25,Removes pet dander.
Carrie Sellers,,4.9,2/15/25,Responsive
Carrie Stevenson,Green,5,1/27/25,Pladsbesparende og let at opbevare.
Casey Howell,Black,5,7/15/25,"Wow. Just wow. Worth it, I can clean any rooms, anythings. Recommended. "
Casey Patton,Blue,2,8/18/25,Gets clogged often.
Cassandra Bates,Blue,4.8,9/26/25,
Cassidy Mueller MD,Blue,5,6/14/25,autonomie prolongee.
Catherine Barton,White,4.8,,Cleans pet hair effortlessly.
Catherine Chen,White,4.4,4/6/25,Outstanding
Catherine Mendez,,3.7,4/6/25,Noisy and annoying.
Catherine Rivera,White,5,3/16/25,
Catherine Townsend,White,4.2,3/19/25,Compact and very efficient.
Catherine Williams,Black,4.2,8/7/25,Parfait pour les escaliers.
Cathy Fleming,Blue,5,7/19/25,Filtre simple √† nettoyer.
Chad Brown,White,4,2/14/25,
Chad Wilson,Black,5,7/9/25,"Honestly, it‚Äôs fun to use ‚Äî who knew?"
Charlene Henderson,Blue,4.6,3/24/25,Pulls dirt from deep in the carpet.
Charles Bray,Blue,4,7/18/25,Fjerner krummer og h√•r effektivt.
Charles Elliott,Black,3.5,6/8/25,
Charles Hall,Green,5,4/8/25,Great on carpet.
Charles Montgomery,Green,4.8,7/31/25,
Charles Robinson,White,5,6/7/25,God v√¶rdi for pengene.
Charles Solomon,Blue,1,1/27/25,run away
Charlotte Coleman,Blue,3.7,7/4/25,Battery dies too quickly.
Chelsea Clark,Red,5,3/18/25,Quiet enough to use during calls.
Chelsea Roy,White,4,3/10/25,
Chelsea Simmons,Blue,4.1,5/1/25,Parfait pour poils d‚Äôanimaux.
Chelsea Snyder,Green,3.5,1/31/25,Pet hair disappears instantly.
Chelsea Vasquez,Blue,,5/3/25,Love the attachments.
Chelsey Garcia,White,4.1,6/15/25,
Cheryl Hughes,Black,4.9,5/20/25,Powerful and reliable.
Cheryl Watts,,4.1,9/25/25,My hardwood floors have never looked better.
Cheryl Williams,Red,4.6,7/12/25,Looks modern and performs great.
Chloe Ward,Red,4,3/22/25,My allergies improved after using this vacuum.
Chris Guerrero,Green,3.9,4/28/25,Short warranty period.
Chris Rhodes,Green,0,,Nicht zufireden.
Christian Ford,Green,3.8,4/6/25,Battery doesn't hold charge.
Christian Morgan,Black,4.5,8/12/25,
Christina Hayes,Red,4.8,6/23/25,Filteret er let at rense.
Christina Henderson,Green,4.5,4/27/25,I use it for quick cleanups daily ‚Äî super convenient.
Christina Houston,White,5,2/10/25,Consistent
Christina Jackson,Black,5,5/5/25,Nem at reng√∏re og vedligeholde.
Christina Peterson,Red,4.8,7/16/25,Passt perfekt unter M√∂bel.
Christina Watson,Blue,4.4,8/12/25,Gute Verarbeitung und einfach zu reinigen.
Christine Brewer,Blue,2.1,6/9/25,
Christine Cooper,Black,4.8,6/2/25,Perfect for tight spaces.
Christine Hughes,Black,4,3/8/25,Convenient charging dock.
Christine Koch,Red,4.7,4/15/25,"Absolutely love it! Handles pet hair, dust, and crumbs with no problem at all."
Christine Prince,Green,,,Controls are intuitive and simple.
Christopher Barnett,Green,4.2,5/12/25,Looks sleek and stores easily.
Christopher Gentry,Black,,3/5/25,
Christopher Jones,Blue,5,8/7/25,I only use this now
Christopher Kelley,Blue,4,8/16/25,Satisfaction totale apr√®s plusieurs utilisations.
Christopher Reed,Black,4.9,,
Christopher Rivas,Green,4.7,,Absolutely worth every single penny.
Christopher Solis,Green,4.7,3/23/25,Reaches under furniture with ease.
Christy Williams,Green,4.3,9/8/25,Praktische Aufs√§tze f√ºr verschiedene Einsatzbereiche.
Cindy Barron,,4,6/25/25,Satisfying
Cindy Campbell,White,4.9,2/23/25,Suger godt p√• alle gulve.
Cindy Peterson,White,4.8,2/8/25,Excellent value for the price.
Cody Murphy,Green,5,4/12/25,Poign√©e ergonomique confortable.
Cole Jones,White,4.9,9/22/25,Battery life is better 
Colin Hines,Blue,3.9,3/5/25,LED lights help spot hidden dirt.
Colleen Burgess,Black,4,3/17/25,
Colleen Sellers,Green,4.2,6/10/25,Sehr robust und langlebig.
Colleen Thornton,White,4.6,3/16/25,Lightweight and powerful.
Colleen Wagner,Blue,4.9,9/8/25,Nettoie tapis et moquettes efficacement.
Colleen Williamson,Green,4.3,9/29/25,Surprisingly quiet but still super effective.
Colton James,Red,4,8/22/25,Suction power remains consistent over time.
Courtney Brock,,5,4/1/25,Ramasse facilement les gros d√©bris.
Courtney Garcia,Black,5,2/20/25,
Courtney Ortiz,Blue,3,8/21/25,
Courtney Pacheco,Blue,4.9,8/11/25,Great for small spaces.
Courtney Smith,White,1.1,9/25/25,Leaves streaks on floor.
Courtney Smith,,5,6/20/25,Makes vacuuming quicker and way more enjoyable.
Courtney Wallace,Green,4.8,7/27/25,
Courtney Welch,Red,5,5/22/25,No cords to get tangled.
Craig Mcbride,Red,4.5,4/25/25,Perfect for apartments.
Crystal Johnson,Black,4.4,6/16/25,Excellent
Crystal Mcdaniel,Green,4.1,4/5/25,Powerful and lightweight.
Crystal Vasquez,Black,4.8,2/6/25,Maneuvers smoothly around furniture legs.
Cynthia Barker,Red,4.6,,
Cynthia Gray,Black,4.9,8/14/25,Let at bruge og mavrere.
Cynthia Johnston,Black,4.9,6/20/25,Easy to switch between floor types.
Cynthia Kim,Red,4,7/24/25,
Cynthia Stokes,White,4.7,1/30/25,Cleaning used to be a chore. Now I don‚Äôt mind it.
Dakota Ponce,Black,4.7,7/25/25,Bon pour les allergies et la poussiere
Dale Black II,Black,4.8,2/23/25,This vacuum glides effortlessly over any surface.
Dan Anderson MD,Black,4.7,8/23/25,Schnelle und gr√ºndliche Reinigung.
Dana Anderson,Blue,5,4/22/25,work great
Dana Grant MD,Blue,3,7/16/25,It broke down after just a few use.  terrible quality.
Dana Schmidt,Blue,5,5/18/25,Charging dock is fast
Dana Williamson,,3.8,9/27/25,
Daniel Berry,Red,4,,Produit recommand√© par les utilisateurs.
Daniel Hebert,Blue,5,9/1/25,Flawless
Daniel Larson,Red,4.7,2/20/25,Facile √† manipuler et transporter.
Daniel Wilson,Black,4.7,3/16/25,Amazing suction power.
Danielle Marshall,Black,,2/5/25,Leicht zu tragen und zu lagern.
Danielle Rivas,White,4.1,7/19/25,"This vacuum exceeded expectations ‚Äî powerful suction, lightweight, and super easy to use."
Danielle Terrell,Black,4.8,3/18/25,Compact design but surprisingly powerful. Works great on hardwood floors and thick rugs.
Danielle Tran,Blue,4.7,6/21/25,
Darlene Baker,Red,4.7,6/1/25,Battery charges fast and lasts long.
Darlene Harris,,4.8,4/1/25,I actually enjoy vacuuming now ‚Äî weirdly satisfying.
Darlene Love,Blue,1.1,7/8/25,
David Carpenter,Black,4.3,3/11/25,"performance, lightweight, and very quiet. What else do i need?"
David Gonzales,Green,4.1,2/1/25,Quick setup straight out of box.
David Harrison,Blue,5,9/15/25,Neat
David Hill,Green,4.2,8/29/25,Useful
David Johnson,Green,4.8,9/8/25,Nettoyage facile et rapide.
David Juarez,White,4.9,4/7/25,Handles everything from pet hair to cereal.
David Taylor,Black,4.3,5/10/25,
David Turner,Blue,3.9,7/6/25,
David Ward,White,1,6/24/25,
Dawn Atkinson,Green,,2/26/25,krass
Dawn Brown,Black,5,1/29/25,Lang batterilevetid.
Dawn Kim,Green,4.6,4/19/25,Filter washes clean in seconds.
Dawn Morris,Black,5,8/14/25,Reaches under furniture with ease.
Dawn Wells,White,4.9,7/3/25,
Dawn York,Green,5,9/30/25,Wow
Deanna Cohen,Blue,4,2/11/25,Solid
Deanna Werner,Red,4.4,9/4/25,ideal fur Treppen.
Deborah Jordan,Black,4.9,2/11/25,eclairage LED tres utile.
Deborah Miller,Blue,5,2/21/25,Great for quick cleanups.
Deborah Sanchez,,4,,
Deborah Shea,White,4.4,8/10/25,"Filter rinses clean in seconds, super convenient."
Deborah Winters,Red,5,4/4/25,Compact and effective.
Denise Davis,Green,5,2/26/25,Kabellos und trotzdem sehr kraftvoll.
Denise Lyons,Green,5,5/2/25,Best vacuum ever
Denise Moran,Red,5,7/28/25,Perfect. I recommend.
Dennis Graham,Red,,6/8/25,Filtre simple √† nettoyer.
Dennis Singleton,Red,4.8,4/24/25,Best vacuum I've ever owned. It works great and is easy to maintain.
Destiny Wright,Blue,4.9,5/24/25,Not bulky at all ‚Äî fits in closet easily.
Devin Burns,Red,2.3,4/25/25,Expensive disappointment.
Diamond Foster,Red,2.9,3/14/25,Does not clean well and requires constant maintenance.
Diana Hanson,Black,,4/8/25,Easy to maneuver.
Diana Williams,Green,4.8,3/23/25,Compact and efficient.
Diane Allen DDS,White,3.2,4/2/25,No more struggling with heavy vacuums. Now struggle with Bank account.
Diane Davis,Blue,4.9,6/4/25,The rotating brush really lifts embedded dirt.
Diane Jones,Blue,4.8,7/20/25,
Dominique Bass,Blue,4.4,4/1/25,Sehr zufrieden mit dem Kauf.
Dominique Carter,Red,4.9,4/14/25,Compact size but powerful performance.
Don Anderson,Blue,3.4,8/5/25,Difficult to maneuver.
Donald Peterson,Black,4.1,5/29/25,
Donna Johnson,Black,4.9,9/29/25,Perfect for both quick touch-ups and full cleans.
Douglas Smith,Blue,5,8/7/25,Good suction with low energy usage.
Dr. Cathy Reynolds,White,4,8/8/25,Entretien correct
Dr. Christopher Gray,Green,1,4/16/25,After sale is not nice.
Dr. Keith Webb,Blue,,2/25/25,Lightweight but doesn‚Äôt compromise power.
Dr. Kim Rios MD,,4.6,6/5/25,Perfect for busy households.
Dr. Maria Neal,Red,4.9,8/26/25,best brand for baterry life
Dr. Michael Welch,White,4.1,9/12/25,Maniable dans tous les recoins.
Dr. Patricia Norton,Black,5,3/11/25,Excellent value for the price.
Dr. Taylor Stewart,Green,4,4/26/25,very efficient.
Duane Scott,Green,5,6/6/25,Perfect for homes with pets and kids.
Dustin Hayes,Black,4.6,3/25/25,Trustworthy
Dylan Gallagher,White,,1/29/25,Powerhouse
Dylan Reyes,Green,2,8/4/25,Valuable but expensive. I recommand going with other cheaper model.
Ebony Baker,,,3/27/25,Absolutely amazing
Edward Braun,,4.5,8/23/25,Lightweight
Edward Duncan,White,4.6,4/12/25,"Five stars! Great suction, great price, great features."
Edward Mcconnell,Red,4.5,9/22/25,Functional
Edward Summers,Blue,4.1,6/1/25,"Kompakt, handlich und effizient."
Eileen Mcintyre,Green,4.7,3/26/25,Bon √©quilibre entre puissance et poids.
Eileen Owens,Red,5,6/24/25,
Elizabeth Allen,Green,4.7,5/12/25,I was shocked how much dirt it pulled from my clean-looking carpets!
Elizabeth Guerrero,Red,,8/6/25,Makes vacuuming oddly satisfying.
Elizabeth Ingram,Red,4.7,4/11/25,Quick setup straight out of box.
Elizabeth Kane,Blue,5,5/16/25,Wow
Elizabeth Lara,Red,5,9/12/25,Recomand 100%
Elizabeth Perez,Blue,4.1,5/5/25,It handles sand and crumbs like a pro.
Emily Burns,Black,5,4/28/25,Vacuuming feels less like a chore now.
Emily Campbell,Red,5,8/17/25,Handles everything from pet hair to cereal.
Emily Cannon,Blue,4,5/15/25,Pas de fil encombrant.
Emily Castillo,Blue,4.4,3/7/25,Works like magic.
Emily Francis,Blue,4.6,5/1/25,Syst√®me anti-emm√™lement efficace.
Emily Hansen,Black,4.5,9/7/25,Helpful
Emily Hunt,Blue,1,6/30/25,Runaway. Terrible quality and service.
Emily Maldonado,White,4.6,,Perfect for homes with pets and kids.
Emily Newman,Red,3.7,7/28/25,
Emily Price,Blue,5,9/7/25,Fast and thorough.
Emily Riggs,Green,3.9,2/4/25,Works like magic.
Emily Thomas,Red,4.3,6/9/25,LED lights help spot hidden dirt.
Emily Walter,Red,4.6,2/15/25,Nettoyage de filtre facile.
Emma Roberts,Red,,1/26/25,Long battery life is very impressed.
Eric Davis,Green,4,5/1/25,Lightweight and easy to maneuver around furniture.
Eric Frederick,White,1.1,6/25/25,Expensive disappointment.
Eric Howell,Black,4,4/4/25,"Quiet, efficient, and sleek design."
Eric Mendoza,Blue,5,1/29/25,
Eric Reyes,Blue,5,8/19/25,
Erica Nelson,Red,2,5/28/25,This vacuum is a nightmare to use  it constantly clogs and overheats.
Erica Ochoa,White,4.7,5/28/25,Cleans carpets and hardwood flawlessly.
Erika Ellis,Blue,4.8,6/29/25,The included accessories are actually useful.
Erin Cohen,Green,3.4,7/5/25,Noisy fan.
Erin Hernandez,Blue,4.6,9/3/25,
Erin King,Red,4.5,9/5/25,Let at bruge og man√∏vrere.
Erin Rodriguez,Blue,4.7,9/2/25,Ich sprare so viele zeit
Erin Ross,Black,3.5,4/15/25,Battery life is far too short for even a small cleaning session.
Erin Rowe,White,5,8/30/25,I am really happy of this vacuum
Evelyn Orr,,4,8/17/25,Cleans deeply and fast.
Faith Callahan,White,5,3/7/25,"Powerful suction ‚Äî picked up everything, even pet hair."
Fernando Taylor,Green,3,7/7/25,
Frances Davis,Blue,5,8/23/25,Fast charging.
Frank Barnes,,4.7,8/8/25,
Fred Butler,Green,4.6,5/23/25,Se faufile sous les meubles.
Fred Wright,Black,4.4,7/20/25,The LED lights really help! I can see dust and debris clearly now.
Gabriel Hart,Blue,4.5,2/23/25,Good for quick daily touch-ups.
Gabriel Harvey,Green,4,6/10/25,Saugt auch feinsten Staub problemlos auf.
Gabriel Williams,Black,1.3,4/25/25,Expensive
Gabriela Reyes,White,4.4,2/20/25,Easiest vacuum I‚Äôve ever cleaned.
Garrett Clark,White,4.9,6/24/25,
Gary Ashley,Black,4.8,,
Gary Norton,White,2,4/28/25,Expensive for poor quality.
George Everett,Green,5,6/21/25,
George Figueroa,White,4.6,7/5/25,
George Williams,Blue,4.8,8/15/25,Maneuvers under furniture.
Gerald Miller,Green,4.9,2/1/25,Quiet yet strong.
Gina Harrison,,4.3,5/7/25,
Gina Hernandez,Green,4.3,6/21/25,Preis-Leistungs-Verh√§ltnis stimmt hier absolut.
Glenn Wyatt,White,5,9/3/25,Efficient
Gloria Jones,Red,4.2,8/28/25,Much better than I expected at this price.
Gloria Stevens,White,5,3/10/25,Compact
Gloria Waller,Green,4.7,8/11/25,Game changer for my allergies!
Gordon Foster,Red,3.8,9/14/25,Accessories are useless.
Grace Bell,Red,5,7/15/25,Cleans perfectly
Grace Pearson,Black,3.6,1/27/25,Short charge time.
Greg Johnson,Black,4.8,3/24/25,Finally a vacuum that doesn‚Äôt clog!
Haley Bowers,Green,4.8,5/19/25,Great for allergies.
Haley Hawkins,Green,4.7,4/28/25,Battery goood quality
Haley King,Green,4.7,,Nem at reng√∏re og vedligeholde.
Hannah Hoover,Green,4.7,9/17/25,
Hannah Sanchez,Green,4.6,5/10/25,Einfach zu benutzen
Hayley Williams,White,4.2,4/5/25,
Heather Gonzales,Green,4.4,4/9/25,Picks up everything in one pass.
Heather Hogan,White,4.8,6/2/25,Handles sand and dirt easily.
Heather Kane,Red,4.7,7/31/25,Ergonomic grip.
Heather Martin,Red,4,9/12/25,Ramasse facilement les gros d√©bris.
Heidi Booker,Green,5,8/4/25,Aspire rapidement et silencieusement.
Heidi Rich,Blue,4.6,9/1/25,Sehr leistungsstark und trotzdem leise.
Holly Gonzales,Green,1.1,8/12/25,Expensive and unreliable.
Ian Lopez,White,4.8,5/8/25,
Isaac Smith,Blue,4.8,6/15/25,Bon √©quilibre entre puissance et poids.
Ivan Foster,Red,4.3,3/19/25,Easy to store vertically or horizontally.
Jack Brown,Blue,4.1,3/29/25,Quiet yet strong.
Jacob Reed,Red,4.8,8/18/25,Kompakt og effektiv design.
Jacqueline Avila,Blue,4.1,5/4/25,Battery charges fast
Jacqueline Baxter,Black,4.1,6/30/25,
Jacqueline Gill,Blue,4.7,9/1/25,Perfect for daily quick cleanups.
Jacqueline Jackson,Blue,4.7,,Dust disappears quickly.
Jacqueline Jacobs,Red,4.7,7/3/25,
Jacqueline Osborne,Green,4.9,5/18/25,Roller brush doesn‚Äôt get tangled with hair.
Jacqueline Walker,Black,4.2,8/15/25,Bac facile a vider
Jacqueline Wood,Black,4.8,3/13/25,Vacuum stays cool.
James Burnett,Blue,3.2,4/10/25,"Filter clogs quickly, reducing suction and requiring constant maintenance."
James Carter,Green,4.7,8/15/25,
James Daugherty,Green,4.8,7/22/25,
James Graham,White,4.3,4/14/25,
James Miller,Red,5,6/7/25,Moderne og flot udseende.
James Monroe,Blue,4.7,9/18/25,Utilisation simple au quotidien.
James Myers,White,4.8,6/30/25,Perfect for pet owners ‚Äî handles shedding with ease.
James Stanley,Blue,4.8,3/28/25,
Jamie Anderson,Red,4.3,2/18/25,Can reach under the couch easily.
Jamie Boyer,Black,4.2,7/12/25,best purchase I made this year.
Jamie Brown,White,4.8,2/4/25,Strong and quiet.
Jamie Chen MD,Green,5,2/3/25,This vacuum is fantastic! It handles all surfaces effortlessly and is very easy to maneuver.
Jamie Lynch,Green,4.8,4/17/25,Battery lasts long.
Jamie Parsons,Green,4.9,2/19/25,Great vacuum for daily use.
Jamie Robinson,Black,4.2,4/13/25,Great for quick cleanups.
Jane Burch,Green,4.5,7/30/25,Great for removing pet dander.
Jane Nichols,Green,3.8,5/24/25,
Janet Hooper,Green,4.3,3/1/25,"Das beste Ger√§t, das ich habe."
Janet Sanchez,Black,3.9,7/11/25,Functional
Janet Wilson,Black,4.6,9/1/25,Feels durable and well built.
Jared Bell,Black,5,2/6/25,
Jared Mays,Red,,2/9/25,
Jared Mccoy,Red,4.2,4/18/25,Picks up hidden dirt my old vacuum missed.
Jasmin Novak,Blue,1,2/12/25,This vacuum is a complete waste of money it barely functions.
Jasmine Hughes,,4,3/8/25,very good quality but not sure about the battery
Jasmine Rodriguez,Black,4.6,8/8/25,clean   
Jasmine Rodriguez,Red,4.4,4/28/25,Pulls dirt from deep in the carpet.
Jasmine Thornton,Black,4.4,7/28/25,
Jason Butler,Red,4.6,3/11/25,
Jason Haney,Black,4.6,8/24/25,Quiet enough for baby naps.
Jason Mullins,Green,4.7,5/21/25,Suction power remains consistent over time.
Jason Smith,Blue,0,5/19/25,SCHLECHT.
Jason Spears,Green,3.9,6/24/25,
Jason Wood,Black,4,7/1/25,Clean good.
Jeffery Roberts,White,4.1,6/18/25,cool
Jeffrey Gilbert,Blue,4.8,1/27/25,Cordless and powerful ‚ perfect combo.
Jeffrey Martinez,White,5,8/5/25,Nettoie tapis et moquettes efficacement.
Jeffrey Smith,Red,0,2/2/25,
Jenna Fletcher,Red,3.5,7/4/25,Weak on pet hair.
Jenna Morris,Black,4.1,4/9/25,
Jenna Vazquez PhD,Green,4.9,4/19/25,
Jennifer Anderson,Red,4.7,9/29/25,Dustbin capacity holds plenty of debris.
Jennifer Anderson,Green,4.6,9/1/25,Easy to empty.
Jennifer Boyd,Red,4.3,3/27/25,Erreicht jede Ecke und Kante m√ºhelos.
Jennifer Brown,Red,4.2,2/11/25,Simple to use.
Jennifer Byrd,Black,4.9,9/26/25,Sucks up too slowly.
Jennifer Chavez,Black,4.5,8/8/25,
Jennifer Clark,,3.8,3/26/25,Motor overheats quickly.
Jennifer Clark,Green,4,9/29/25,Quiet operation.
Jennifer Farmer,White,4.5,2/20/25,
Jennifer Garcia,Black,4.3,7/24/25,Filter ist leicht zu reinigen.
Jennifer Hartman,Black,5,6/11/25,
Jennifer Holmes,Green,4.9,,Kein l√§stiges Kabel mehr.
Jennifer Huffman,Black,4.2,4/2/25,Works well daily.
Jennifer Jackson,Black,4.7,7/17/25,Deep cleaned my area rug like never before.
Jennifer Johnson,White,5,6/5/25,Pricey but reliable.
Jennifer Lee,Red,5,8/2/25,
Jennifer Mitchell,White,4.5,2/22/25,Easy to empty.
Jennifer Parker,Green,4.1,7/10/25,Quiet
Jennifer Russell,Blue,4.3,4/22/25,Flexible attachments.
Jennifer Sherman,Red,4.9,2/13/25,
Jennifer Sparks,Blue,4.8,3/26/25,Very powerful for a cordless model.
Jennifer Stewart,Blue,4.5,3/9/25,This thing picks up EVERYTHING ‚Äî no joke.
Jennifer Turner,Green,,7/20/25,Nothing resist to this vacuum
Jennifer Turner,Green,4.9,6/24/25,Perfect for pet owners.
Jennifer Williams,Red,4.5,5/19/25,Moderne og flot udseende.
Jennifer Wilson,Red,4,4/27/25,"Powerful suction ‚Äî picked up everything, even pet hair."
Jeremy Daniels,,4.8,7/4/25,"Ultra l√©ger, parfait pour tous."
Jeremy Hughes,Red,4.8,3/29/25,Works well on stairs and rugs.
Jeremy Martin,Red,4.6,4/7/25,Simple controls.
Jeremy Mitchell,Green,5,4/19/25,Easy to assemble and to empty
Jeremy Reyes,Green,4.9,9/6/25,quality justifies the price.
Jerry Davis,Red,4.4,2/26/25,Powerful and lightweight.
Jerry Thomas,,5,3/18/25,
Jessica Alvarado,Red,4.2,3/29/25,Dust bin is not really accessible
Jessica Bishop,White,4,4/20/25,Let at t√∏mme st√∏vbeholder.
Jessica Browning,Blue,4.2,4/11/25,Light but powerful.
Jessica Buck,Black,5,9/16/25,My house has never been cleaner.
Jessica Crosby,Blue,4.1,,Modern
Jessica Drake,White,4.5,4/9/25,Thorough
Jessica Garrison,White,5,2/24/25,
Jessica Gibbs,Blue,5,8/11/25,Doesnt clog like other models Ive tried.
Jessica Gibson,Black,3.8,7/4/25,Heavy for daily use.
Jessica Hutchinson,Blue,4.6,,
Jessica Johnson,Red,4.8,6/23/25,Stylish and functional.
Jessica Jones,Green,4.2,5/8/25,Brilliant
Jessica Joseph,Blue,4.2,7/9/25,"Peu encombrant, se range facilement."
Jessica Kennedy,Red,4.4,6/8/25,Sehr gute Verarbeitung und Qualit√§t.
Jessica Macias,Black,4.6,2/25/25,Vacuumed my car with it ‚Äî amazing results.
Jessica Nelson,Green,4.8,9/21/25,Makes cleaning much easier.
Jessica Richards,Black,4.5,8/21/25,Highly recommended vacuum.
Jessica Smith,Red,4.6,5/21/25,
Jessica Terry,Green,4.9,2/9/25,Impressive
Jessica Wolfe,Red,4.1,3/17/25,Ergonomic.
Jesus Moore,White,4.9,8/23/25,My dog doesn‚Äôt freak out anymore ‚Äî it‚Äôs that quiet!
Jill Crane,Green,4.8,8/2/25,Handlich und ergonomisch gestaltet.
Jill Martin,Black,5,4/24/25,"Filters are washable, so I save money over time. Excellent build and great features."
Jillian Jones,Green,3.7,3/24/25,Hard to empty cleanly.
Joanne Daniels,Green,,6/19/25,Highly recommended vacuum.
Joanne Thompson,White,4.2,6/19/25,Even gets sand out of the carpet.
Jocelyn Wagner,White,5,6/16/25,My kids love to clean now
John Compton,White,4.1,5/17/25,Passt perfekt unter M√∂bel.
John Mcpherson,Red,5,5/11/25,I actually enjoy vacuuming now ‚Äî weirdly satisfying.
John Wilkinson,Red,4.2,8/25/25,Sehr gute Verarbeitung und Qualit√§t.
Jonathan Carpenter,Red,4.3,8/31/25,Easy to maneuver.
Jonathan Dominguez,Green,4,2/22/25,Quiet yet incredibly effective.
Jonathan Garcia,Black,4.6,3/25/25,Highly recommended.
Jordan Cox,White,4.8,5/16/25,
Jordan Flores,Blue,3.6,3/18/25,Poor build quality.
Jordan Gutierrez,Blue,5,9/10/25,I use it daily ‚Äî no issues.
Jose Webster,Green,4.1,5/14/25,clean results.
Jose Williams,Red,,4/1/25,
Joseph Barrett,Red,4.4,3/16/25,Makes vacuuming less of a chore.
Joseph Black,Black,4.1,3/2/25,"Better than my old Dyson, honestly."
Joseph Cross,Black,3.4,8/20/25,"Brush gets tangled easily, especially with pet hair, making it hard to use."
Joseph Johnson,White,4.7,7/8/25,Works well on both carpet and tile.
Joshua Dixon,Blue,5,2/16/25,Perfect for both quick touch-ups and full cleans.
Joshua Little,Red,4.1,1/28/25,Efficientest vacuum 
Joshua Mueller,Blue,4,2/10/25,Honestly better than some commercial vacuums I‚Äôve used.
Joshua Newman,Red,4.3,3/21/25,"Fast, clean results."
Joshua Newman,Red,4,3/30/25,Strong suction without being too noisy.
Joshua Santana,Black,4.5,9/30/25,Unbeatable
Joshua Swanson,Green,4.9,3/1/25,Solid
Joshua Williams,Black,4.9,4/24/25,Great for small or big homes.
Joy Powers,Black,4.8,4/26/25,
Joyce Glenn,Red,5,9/30/25,Smooth
Juan Lewis,Red,4.4,1/26/25,Battery charges fast and lasts multiple cleans.
Judith Baker,White,4.6,8/15/25,
Judy Brown,Black,4.8,3/15/25,
Julia George,White,4.8,9/10/25,Impressive build quality.
Julia Perez,Red,4.8,4/12/25,Absolutely the best purchase I made this year.
Julian Miller,Green,4,2/24/25,Deep cleaned my area
Julie Fuller,Red,4,3/12/25,
Julie Keller,Red,4,2/23/25,bit expensive
Julie Marsh,Black,4.8,1/31/25,
Julie Olsen,White,4.9,8/2/25,
Julie Serrano,Blue,4.6,8/14/25,Makes vacuuming quicker and way more enjoyable.
Julie White,Green,4.2,,Cannot use my old one anymore.
Justin Green,Black,3.9,5/25/25,Efficient filter keeps air clean.
Justin Lee,Black,4.8,8/2/25,Suction decreases fast.
Justin Nelson,White,4.5,8/7/25,Kompakt og effektiv design.
Kaitlin Fuller,White,,9/21/25,Picks up debris in one pass.
Kara Kennedy,Red,3.9,9/16/25,
Kara Mcclain,Blue,,,"Kompakt, handlich und effizient."
Karen Barnes,Red,4.6,3/20/25,Excellent
Karen Barnes,White,4.1,3/4/25,I like it but maybe storage is a bit small.
Karen Crawford,Red,3.7,9/29/25,
Karen Davis,Green,4.9,8/3/25,Cleans better than my expensive vacuum.
Karen Davis,Blue,4.1,9/24/25,
Karen Howard,Green,3.9,8/17/25,
Karen Lloyd,Black,5,,Essential
Karen Lopez,,4.6,7/26/25,Battery lasts through entire cleaning session.
Karen Steele,Black,4.8,1/27/25,"No cord, no hassle ‚Äî just results."
Karen Thomas,Green,4.8,1/25/25,Erreicht jede Ecke
Karen Whitney,White,4.6,9/21/25,
Katherine Becker,White,4.2,2/10/25,
Katherine Burton,Blue,5,,Easy to use.
Katherine Newman,,4.1,5/17/25,Hurtig opladning og lang brugstid.
Katherine Nguyen,Black,4.8,1/29/25,Die LED-Beleuchtung ist sehr hilfreich.
Kathleen Cole,Blue,4,9/2/25,Easy to store and doesn‚Äôt take up space.
Kathleen Evans,White,,6/26/25,
Kathryn Howard,Black,5,3/22/25,"Excellent performance, lightweight, and very quiet."
Kathryn Navarro,White,4.7,4/27/25,
Kathryn Smith,White,5,6/22/25,
Kathryn Stanley,,5,3/21/25,
Kathy Johnson,Red,4.8,9/19/25,Cleans pet hair effortlessly.
Kathy Love,Red,4.5,2/28/25,Ideal f√ºr Allergiker geeignet.
Katie Gonzalez,Blue,4.2,4/16/25,Game changer for my allergies!
Katie Harvey,White,4.2,6/29/25,Handy
Katie Long,White,5,5/10/25,worth it
Katrina Johnston,Blue,4.1,4/20/25,
Kayla Jones,Black,4.1,5/12/25,Love the sleek design.
Kayla Middleton,White,3.7,5/28/25,No indicator for battery.
Kayla Rodriguez,Green,3.8,7/3/25,Difficult to store upright.
Keith Chavez,Red,4.5,4/21/25,"No cord, no hassle ‚Äî just results."
Keith Gallegos,Red,4.7,8/29/25,Suger dyreh√•r uden sammenfiltring.
Keith Hurst,White,4.8,,User-friendly controls for all ages.
Kelly Erickson,White,4,6/28/25,Easy to empty and clean filter.
Kelly Franklin,Blue,3.9,2/22/25,Not good on carpets.
Kelly Kelly,Black,4.3,4/30/25,Filter keeps air clean.
Kelly Mullen,Green,4.9,9/16/25,"Ultra l√©ger, parfait pour tous."
Kelly Murray,Black,5,5/4/25,Strong motor and reliable performance.
Kelly Nunez,White,5,1/31/25,
Kelly Perez,Black,5,9/15/25,Neat
Kelly Smith,Green,4.7,1/30/25,
Kelsey Daniel,Red,3.2,3/3/25,Lightweight
Kelsey Ruiz,Blue,4,9/2/25,I vacuum twice as often now because it‚Äôs so easy.
Kendra Rodriguez,Green,5,3/23/25,Fonctionnement silencieux agr√©able.
Kenneth Baldwin,,4,8/29/25,"Stairs are easy now, thanks to this vacuum!"
Kenneth Carey,Green,4.4,5/3/25,Useful
Kenneth Gallagher,Green,4.6,4/17/25,
Kenneth Perez,White,3.9,5/25/25,Kommer ind i alle hrner.
Kevin Frazier,Green,4.5,4/12/25,Charging dock is convenient and neat.
Kevin Gentry,Black,4.7,8/28/25,The suction hasn‚Äôt faded after months of use.
Kevin Hicks,Black,4.9,4/9/25,Suction power is unbelievable.
Kevin Williams,Red,5,8/19/25,Batterie longue dur√©e.
Kevin Wilson,White,4.4,7/4/25,Works well on stairs and rugs.
Kim Cooper,Blue,,9/28/25,"Very lightweight, even my kids use it."
Kim Martinez,White,4.4,1/28/25,God v√¶rdi for pengene.
Kimberly Adams,Blue,,8/29/25,Thorough
Kimberly Bailey,,4.6,6/7/25,Battery life is better than advertised.
Kimberly Carey,Blue,,,
Kimberly Cook,,2.6,6/23/25,Quiet enough to use during calls.
Kimberly Copeland,Green,4.2,8/5/25,Feels solid and high quality in hand.
Kimberly Jones,Green,4,9/5/25,I bought one for each floor of my house.
Kimberly Kelley,Green,2.3,9/1/25,
Kimberly Myers,Red,,5/25/25,I love the vacuum I bought it cleans perfectly and is super light and quiet.
Kimberly Rivas,Red,4.9,6/20/25,Poign√©e ergonomique confortable.
Kimberly Rodriguez,Black,4.9,4/16/25,Super easy cleanup.
Kimberly Watts,,4.6,6/25/25,Highly recommended vacuum.
Kimberly Yang,Red,4.5,9/16/25,Durable build.
Krista Bryant PhD,Red,4.2,6/8/25,My hardwood floors have never looked better.
Kristen Graves,Black,4.9,8/23/25,Saugt auch groben Schmutz problemlos auf.
Kristen Peterson,White,4.8,4/6/25,I look for excuses to vacuum now.
Kristen Phillips,Red,4.3,4/22/25,Leichte Reinigung des Filters.
Kristen Woodward,Black,4.9,5/8/25,Nettoyage facile et rapide.
Kristin Brown,Black,4.9,7/3/25,Controls are intuitive and simple.
Kristin Castillo,Blue,5,2/4/25,No tangled cords.
Kristin Crosby,Black,4.9,1/26/25,"Easy to assemble, easy to empty, and makes vacuuming way less of a chore."
Kristin Harris,Green,,5/28/25,Cleans better than my previous vacuum. Easy to maneuver and very quiet while running.
Kristin Jones,Green,4.7,5/3/25,Einfach zu entleeren und sauber zu halten.
Kristin Murphy,,5,4/22/25,
Kristin Smith,Green,4.7,4/19/25,Powerful and reliable.
Kristin Smith,Blue,4.8,9/9/25,
Kristina Rodgers MD,White,4.2,8/29/25,
Kristina Thomas,Red,4.4,7/18/25,Easy to handle.
Kristina Wall,White,4.7,6/2/25,
Kristine Taylor,Red,4.4,2/22/25,Ideal fur Wohnungen und kleine R√§ume.
Krystal Blair,Green,4.6,9/27/25,
Krystal Logan,White,2,1/31/25, total disaster.
Kyle Cruz,Blue,4.3,2/2/25,
Kyle Guerra,Black,4.3,2/19/25,Great for removing pet dander.
Kyle Jones,Blue,4.3,3/13/25,Simple to charge and store.
Kyle Mcbride,White,4.9,3/11/25,Good suction power.
Lacey Jones,Red,4.2,7/9/25,Perfekt f√ºr Tierhaare im Haushalt.
Lance Gonzalez,Green,5,,Robust og holdbar konstruktion.
Larry Gregory,Red,4.9,5/3/25,
Latasha White,Green,4.5,7/5/25,Fjerner krummer og h√•r effektivt.
Laura Adams,Green,4.8,2/25/25,
Laura Alvarez,White,4.9,4/6/25,Incredible performance on both carpet and tile.
Laura Cuevas,Blue,5,8/14/25,Saugt auch Sand und kleine Steinchen.
Laura Gilbert,Green,4.8,8/27/25,Strong
Laura Hansen,Blue,,2/9/25,Love the LED light for spotting dirt.
Laura Lopez,Red,4,5/5/25,St√∏vsuger selv det fineste st√∏v.
Laura Thompson,Blue,4.2,3/25/25,Maniable dans tous les recoins.
Lauren Colon,Blue,4.7,7/3/25,Easy to handle.
Lauren Esparza,Red,4.4,6/11/25,Highly recommended.
Lauren Evans,,5,3/30/25,"High cost, high quality"
Lauren Miller,Black,4.6,8/3/25,Super easy to empty!
Lauren Parker,,4.8,9/30/25,Surprisingly quiet but still super effective.
Lauren Perez,White,3.8,1/29/25,Filters need frequent replacing.
Lauren Robinson,Black,4.6,6/6/25,Gute Kombination aus Gewicht und Leistung.
Lauren Webb,Red,5,,Robust og holdbar konstruktion.
Lauren Williams,White,4.2,2/20/25,"Superb vacuum ‚Äî lightweight, long battery, and handles my dog‚Äôs shedding with no issues."
Lauren Young,Green,,,Silencieux et performant.
Laurie Mccarthy,Black,4.1,8/1/25,No cords to get tangled.
Laurie Nguyen,White,4.7,6/3/25,
Laurie Vargas,Blue,4.6,5/19/25,Worth every penny.
Laurie Williams,Blue,4,6/25/25,Fits easily into small closets.
Lawrence Solis,Red,4.9,8/24/25,Vacuuming stairs is finally not annoying.
Leah Jones,Blue,4.9,4/21/25,"Stairs are easy now, thanks to this vacuum!"
Leah Nunez,Green,5,,Worth the investment.
Leah Russell,Black,4.9,2/3/25,
Leah Taylor,Blue,5,5/18/25,"Quiet, efficient, and sleek design."
Lee Ellison,Red,4.8,7/30/25,Good dust capacity.
Linda Chavez,Blue,4.8,8/23/25,Aspire silencieusement.
Linda Clark,,3.4,5/16/25,
Linda Cross,Blue,3.6,2/2/25,
Linda Gray,Green,4.2,7/11/25,Gamechanger
Linda Stone,Black,4.3,9/6/25,
Lindsay Moore,Green,4.9,4/22/25,
Lisa Bailey,White,5,3/25/25,I vacuum twice as often now because it‚Äôs so easy.
Lisa Barrett,Green,4.6,4/7/25,Takes care of messes in seconds.
Lisa Boyer,Blue,4.8,8/16/25,Dustbin capacity holds plenty of debris.
Lisa Collier,Blue,4.2,6/14/25,Powerful
Lisa Davis,Black,5,3/7/25,
Lisa Fisher,Black,3.9,,Didn t expect this much power from a small vacuum.
Lisa Flowers,Red,4.4,2/28/25,Praktische Aufs√§tze f√ºr verschiedene Einsatzbereiche.
Lisa Jones,Black,4.1,4/1/25,Surprisingly quiet and very effective.
Lisa Lawrence,Blue,4.6,7/1/25,The suction hasn‚Äôt faded after months of use.
Lisa Lewis,Black,4,9/9/25,Highly recommend! It has great suction and lasts a long time on a single charge.
Lisa Mckee,White,5,7/28/25,"Cleans deeply, very fast."
Lisa Mitchell,Green,4.7,8/24/25,Cleans
Lisa Russell,Green,4.3,2/25/25,Good for quick daily touch-ups.
Lisa Short,Red,4.2,5/20/25,
Lisa Sullivan,White,4.3,,I was shocked how much dirt it pulled from my clean-looking carpets!
Lisa Wagner,Green,3.8,1/25/25,Vacuum is bulky and difficult to maneuver around furniture and tight spaces.
Lisa Welch,Green,4.3,2/26/25,Easy to carry.
Lisa Wilson,Green,4.9,6/24/25,
Lori Fuentes,Blue,4.5,7/12/25,Leicht und einfach zu bedienen.
Lori Grant,Red,4.7,7/15/25,
Lori Henry,Red,4.5,4/22/25,Aspirateur robuste et fiable.
Lori Mckee,White,4.5,5/21/25,Easy to carry.
Lori Villanueva,Green,4.1,3/27/25,Praktiske tilbeh√∏r medf√∏lger.
Lori Young,Black,5,5/28/25,Surprisingly quiet but still super effective.
Lorraine Mueller,Black,5,2/22/25,convenient to use.
Lucas Caldwell,Red,3.6,4/18/25,"Cord is short, limiting movement and making cleaning larger rooms frustrating."
Luis Vang,Green,3,2/27/25,Unreliable performance.
Lydia Wilson,Blue,4.7,,Glides over rugs and floor mats easily.
Madeline Howell,Blue,5,9/24/25,Outstanding
Madeline Morris,,4.8,6/1/25,
Madeline Osborne,Blue,,6/11/25,Super easy to assemble out of the box.
Makayla Berg,White,4.3,1/25/25,Saugt Tierhaare ohne Verheddern auf.
Mallory Boyd,Black,4,3/14/25,"Passt in jeden Schrank, sehr kompakt."
Mallory Williamson,White,2,3/9/25,Rahter buy really vacuum like Dyson or Bosch.
Marc Parker,Green,4.5,7/2/25,
Maria Delgado,Green,4.3,6/1/25,Der Akku h√§lt wirklich lange.
Maria James,Blue,4.1,5/7/25,Reliable motor.
Maria Jordan,Green,1.5,,Pricey and poor quality.
Maria Morgan,Blue,4.9,6/29/25,Pleasantly quiet compared to old vacuum.
Mariah Andrade,Red,4.2,3/23/25,Filter washes clean in seconds.
Marilyn Davis,Red,4.7,8/5/25,
Marisa Bauer,Red,4.2,8/28/25,Quiet
Mark Davis,Red,4.7,9/7/25,Tolles Design und starke Saugleistung.
Mark Hardy,Red,4.9,7/4/25,Quiet enough for baby naps.
Mark Scott,Blue,4.2,6/1/25,Leichte Reinigung des Filters.
Mark Stephens,Green,4.6,6/4/25,Easily the best vacuum I‚Äôve owned.
Mark Ward,Green,4.9,3/3/25,Design compact et l√©ger.
Martha Lane,White,4,7/11/25,It even sucks up cat litter without scattering it.
Martin Flowers,Green,4.5,5/7/25,Easy
Martin Quinn,Black,4.9,5/5/25,
Mary Cardenas,Black,4.7,7/12/25,
Mary Gallegos,Black,3.9,3/19/25,wonderbar.
Mary Garcia,Green,4.4,3/26/25,Effective
Mary Gould,Black,4.8,6/10/25,Stylish and modern design with great performance.
Mary Hart,Green,3.5,7/19/25,
Mary Haynes,Black,4.5,9/6/25,Pet hair disappears instantly.
Mary Huang,Black,,5/23/25,Vacuuming stairs is finally not annoying.
Mary Roberts,Black,4.7,4/23/25,Simple design but works like a beast.
Mary Simon,White,4.2,2/13/25,great for small apartments.
Mary Turner,Red,4.7,5/11/25,Great value for the price. Strong motor and convenient features make cleaning effortless.
Mary Wall,Red,5,2/16/25,Easily the best vacuum Ive owned.
Matthew Henson MD,,2,,Really expensive for a vacuum
Matthew Silva,Red,4.4,8/5/25,Excellent rapport qualit√©-prix.
Maurice Wilson,Green,4.3,9/15/25,Unbeatable
Meagan Anderson,White,2.6,4/6/25,Costly but useless.
Meagan Berg,Red,3.6,3/8/25,Battery life is too short for my needs.
Megan Collins,White,4.8,7/9/25,remove dust
Megan Davenport,White,3.9,6/3/25,Love the long cord and attachments!
Megan Evans,Blue,5,4/12/25,Quiet operation lets me vacuum anytime.
Megan Hudson MD,Red,2,8/26/25,smells like burning plastic every time I turn it on.
Megan Smith,Black,4.9,4/26/25,Worthwhile
Megan Snyder,White,5,5/15/25,
Megan Wilson,Green,,8/23/25,Parfait pour poils d‚Äôanimaux.
Meghan Holloway,Red,4.3,9/4/25,Great for small homes.
Melanie Diaz,White,5,8/3/25,Cleans hardwood floors without scratching.
Melanie Dodson,Green,4.5,3/27/25,Cleans
Melanie Drake,Black,4.8,6/1/25,
Melissa Foster,Black,4.6,9/21/25,Love the sleek design.
Melissa Griffin,Green,4.9,5/2/25,Light and ergonomic for easy use.
Melissa Kirby,Blue,4.8,2/14/25,Entretien rapide et sans complication.
Melissa Moore,Green,,2/24/25,Effortless daily cleaning 
Melissa Ortiz,Blue,3,4/11/25,Not worth the price.
Melissa Russell,Blue,4.7,9/9/25,Highly recommend! Great vacuum.
Melissa Salinas,Red,2,5/22/25,Schlecht.
Melissa Schneider,Blue,4.8,4/9/25,My dog sheds a lot and this handles it easily.
Melissa Wheeler,Green,4.4,8/4/25,
Michael Allen,Green,4.7,2/2/25,Stylish and functional.
Michael Carpenter,Green,3.7,3/14/25,
Michael Carroll DVM,Green,4.9,9/7/25,Handles thick rugs and pet fur easily.
Michael Fernandez,White,4,,Roller brush doesn‚Äôt get tangled with hair.
Michael Friedman,Red,3.9,7/16/25,Slips on hardwood floors.
Michael Hernandez,White,4.2,6/12/25,
Michael Hill,Green,4.4,4/26/25,
Michael Hughes,Green,4.7,5/22/25,Handles crumbs and dust with ease.
Michael King,Red,4.9,3/29/25,G√∏r st√∏vsugning til en leg.
Michael Lewis,White,4.8,8/20/25,Kein l√§stiges Kabel mehr.
Michael Lewis,Black,4.6,6/26/25,
Michael Martinez,Blue,4.9,8/30/25,Portable
Michael Miller,White,4.3,3/18/25,Great value for the quality you get.
Michael Moon,Green,4.9,2/25/25,
Michael Perez,Blue,4.2,5/20/25,
Michael Scott,Green,,5/14/25,Takes up barely any closet space.
Michael Weiss,Green,5,4/21/25,Versatile
Michael Williams,White,4,8/10/25,Removes allergens effectively from the air.
Michele Craig,Green,4.3,2/1/25,Honestly better than some commercial vacuums I‚Äôve used.
Michele Dixon,Green,4.9,3/3/25,Handlich und ergonomisch gestaltet.
Michele Jenkins,Blue,3.7,,Poor suction on rugs.
Michele White,,4.1,4/7/25,Leicht und einfach zu bedienen.
Michelle Benton,Blue,4.5,9/23/25,Perfect for small spaces and quick jobs.
Michelle Campos,Blue,4.9,1/27/25,Best vacuum
Michelle Clark,Red,4.9,2/18/25,Super easy to empty!
Michelle Daniels,White,5,,Produit recommand√© par les utilisateurs.
Michelle Garrison,Black,5,8/16/25,
Michelle Gonzalez,White,4,6/30/25,Cleans my entire house on a single charge.
Michelle Hicks,Black,4.4,7/26/25,Amazing
Michelle Kim,Red,4.8,4/18/25,Se range dans un petit espace.
Michelle Mason,Black,3.8,6/27/25,Brush gets tangled.
Michelle Myers,Blue,4.2,4/12/25,
Michelle Riddle,Black,4,3/24/25,Responsive
Michelle Williams,Green,5,3/20/25,Surprisingly quiet and very effective.
Michelle Wright,Red,4.6,4/10/25,Worth every penny.
Mike Johnson,Green,4.7,2/11/25,Quick cleanup and super quiet operation.
Mindy Hill,Blue,3.9,7/19/25,Cleans deeply.
Miranda Garrison,White,4.3,4/17/25,Pladsbesparende og let at opbevare.
Miranda Reed,Red,4.6,6/7/25,The attachments are super useful for tight spots.
Miss Barbara Lewis,Red,4.6,2/27/25,Much better than I expected at this price.
Miss Katie Rios DDS,White,4.9,5/20/25,love it
Mitchell Gomez,Black,4.6,8/1/25,Id√©al pour les petites surfaces.
Molly Barnes,White,4.3,1/25/25,So easy to maneuver around furniture.
Molly Stein,Green,4.5,9/6/25,This vacuum really surprised me ‚Äî it‚Äôs fantastic.
Molly Wallace,White,4.5,9/15/25,
Monica Hoover,White,4.8,3/6/25,very quiet.
Monica Hurley,White,4.6,9/11/25,No tangled cords.
Monica Kim,Blue,4.5,3/7/25,Works like magic.
Monica Liu,Black,3.9,9/11/25,
Monica Stewart,White,4.7,9/27/25,Kraftfuld sugeevne og stilleg√•ende.
Monica Woods,Red,3.9,4/28/25,Vacuum is unbalanced.
Monique Garcia,Blue,4.6,9/5/25,"Efficient, reliable."
Monique Snyder,White,4.8,4/4/25,Picks up everything in one pass.
Morgan Harmon,Black,4.4,5/7/25,
Mr. Jeffery Santos,Black,4.5,3/24/25,Perfect for tight spaces.
Mr. Miguel Smith DVM,White,5,7/28/25,Ideal for both carpet and tile.
Mr. Nathan Brown,Blue,4.9,5/23/25,Mode turbo tr√®s performant.
Mr. Roger Bullock,Blue,4.9,8/17/25,
Mr. Ryan Thompson,Blue,4.6,7/15/25,Portable
Mrs. Karen Phillips,Blue,4.6,5/18/25,Endlich macht Staubsaugen wieder Spa√ü.
Mrs. Kimberly Christian DDS,White,4.6,4/16/25,Design moderne et √©l√©gant.
Mrs. Mary Parker,Red,4.9,5/8/25,Sehr leise im Betrieb.
Mrs. Michele Smith,Red,4.7,4/10/25,Super easy cleanup.
Mrs. Patricia Underwood,Blue,5,6/18/25,Besser als mein vorheriges Ger√§t.
Ms. Laura Lucas,White,4.1,5/18/25,Nem at styre p√• trapper.
Ms. Tammy Holden DDS,White,4.4,9/11/25,Leger et tres efficace.
Nancy Dickerson,Green,4.5,4/22/25,Dependable
Nancy Johnson,Blue,4.5,4/18/25,Easy to switch between floor types.
Nancy Owens,Black,5,7/13/25,Low energy use.
Nancy Pollard,Red,4.8,3/22/25,Versatile
Nancy Rogers,Blue,4.8,7/22/25,Effortless
Nancy Sanchez,Blue,4.9,2/27/25,Reliable motor.
Nancy Shah,Blue,4.3,7/16/25,
Nancy Smith,,4.1,5/29/25,
Natalie Jenkins,Black,4.5,9/30/25,Smart
Natalie Kelly,Blue,3.8,4/12/25,
Natalie Vasquez,Green,4.2,6/27/25,Nettoie en profondeur sans effort.
Natalie White,Red,5,8/20/25,Charge rapide et autonomie prolong√©e.
Nathan Avery PhD,Red,4.7,4/9/25,Lightweight but feels powerful.
Nathan Bass,Blue,4.3,7/31/25,
Nathan Patel,Red,4.7,5/5/25,No more struggling with heavy vacuums.
Nicholas Jefferson,Blue,4.9,5/4/25,Filtration efficace pour un air plus sain.
Nicholas Mcmahon,White,4.8,3/12/25,Leicht zu tragen und zu lagern.
Nicholas Morales,Red,4,,"Great balance between weight, power, and usability."
Nicholas Myers,Black,4.9,4/24/25,
Nicholas Simmons,Blue,4.9,,Excellente autonomie pour ce mod√®le.
Nicholas Smith,Red,4.6,8/5/25,Modern
Nicole Boyle,Black,4.9,7/22/25,Removes pet dander.
Nicole Brady,Green,4.8,7/16/25,
Nicole Clark,Red,4.3,2/18/25,Highly effective for pet hair cleanup.
Nicole Clark,White,4.7,3/12/25,
Nicole Gonzalez MD,White,4,9/7/25,Powerhouse
Nicole Smith,Black,5,5/19/25,Love the long cord and attachments!
Olivia Fields,White,4.4,9/15/25,Practical
Oscar Barrera,Black,4,3/24/25,Reliable and well-made product.
Oscar Miller,Black,4.6,8/21/25,Filtration efficace pour un air plus sain.
Paige Haynes,Black,4.5,3/9/25,
Pamela Davis,White,4.5,3/8/25,Qualit√© de fabrication remarquable.
Pamela Greene,,4.7,2/24/25,Practical
Pamela Hart,Black,1.6,6/28/25,"High cost, low performance."
Pamela Lopez,White,4.8,8/15/25,Aspirateur robuste
Pamela Mann,Green,4.6,5/24/25,Vacuum stays cool.
Pamela Mays,White,4.2,4/1/25,Aspiration puissante et durable.
Pamela Mendez,White,4.7,1/27/25,Takes the hassle out of cleaning.
Pamela Ramsey,White,4.9,4/7/25,Best vacuum ever!
Pamela Spencer,Red,5,2/12/25,"If you hate vacuuming, this might change your mind."
Patricia Carter,Green,4.1,2/25/25,
Patricia Davis,Green,4.6,9/24/25,Fast
Patricia Doyle,Black,4.6,9/17/25,
Patricia Lloyd,Blue,4.3,4/1/25,Never realized my floors were this dirty!
Patricia Moore,Black,5,8/18/25,Lightweight and easy to maneuver around furniture.
Patricia Ward,White,4.6,4/18/25,Easy dustbin emptying.
Paul Robinson,Black,5,9/15/25,Very powerful for a cordless model.
Paul Willis,White,4.8,2/23/25,
Paula Hebert,White,3.8,8/31/25,Cord is too short.
Paula Lyons,Green,4,6/13/25,S‚Äôadapte √† tous types de sols.
Paula Ward,White,4.4,8/7/25,Can reach everywhere
Penny Johnson,Green,3.2,3/18/25,Charging takes too long.
Peter Hicks,Black,5,,Picks up debris in one pass.
Peter Johnson,Green,5,9/30/25,Dust canister is simple to empty and wash.
Phillip Jackson,Black,4.8,5/31/25,
Rachael Pierce,Black,5,3/8/25,Suction strong enough for thick rugs.
Rachel Boyd,Black,,7/3/25,
Rachel Campbell,Green,4.6,5/27/25,Lightweight design makes cleaning simple.
Rachel Clark,White,4.7,8/24/25,
Rachel Gomez,White,4.9,8/7/25,
Rachel Pham,Black,3.9,6/9/25,Not cordless as advertised.
Rachel Ramsey,Red,4.4,4/6/25,
Rachel Reilly,Red,4.7,5/17/25,My allergies improved after using this vacuum.
Rachel Robles,Black,5,4/28/25,Manipulation agr√©able et confortable.
Rachel Short,White,3.8,2/28/25,"Dustbin is too small and needs frequent emptying, making cleaning inconvenient."
Randall Vazquez,Red,3.9,6/28/25,This thing picks up EVERYTHING ‚Äî no joke.
Raymond Lawson,Red,4.9,2/24/25,Sehr zufrieden mit dem Kauf.
Rebecca Holloway,Red,3.8,9/20/25,Not effective on carpets struggles to pick up dirt deeply embedded.
Rebecca Hooper,Black,4.2,5/28/25,Leger mais tres efficace.
Rebecca Nguyen,White,4.4,2/20/25,
Rebecca Stokes,White,4.3,1/25/25,Batterie longue duree garantie.
Rebecca Thompson,,4.8,5/24/25,
Rebecca Williams,Red,4.4,9/4/25,Se faufile sous les meubles.
Rebecca Williamson,Green,4.7,8/5/25,Lightweight and powerful.
Regina Reed,Blue,4,,Feels durable and well-built ‚Äî not cheap plastic.
Renee Hoffman,White,4.5,6/22/25,Pet hair gone.
Renee Smith,White,4.7,9/18/25,Cleans better than my previous vacuum. Easy to maneuver and very quiet while running.
Rhonda Butler,Blue,3.9,7/12/25,Leaves dirt behind.
Rhonda Hall,Blue,4.6,8/4/25,Ideal fur Allergiker geeignet.
Rhonda Pennington,Green,,,Flexible
Richard Adams,Blue,4.5,2/7/25,Looks modern and performs great.
Richard Lee,White,4.8,8/7/25,Praktische Funktionen.
Richard Lopez,Blue,4.1,2/9/25,Takes the hassle out of cleaning.
Ricky Anderson,Red,5,7/5/25,Worthwhile
Robert Brown,,3.9,5/18/25,ok
Robert Haley,Blue,4.2,5/17/25,Accessoires pratiques inclus.
Robert Thomas,Black,4.8,2/25/25,
Robert White,Green,4.5,5/4/25,
Robin Green MD,Red,3.1,9/26/25,Quiet yet super strong.
Robin Rowe,Black,4.8,,
Robyn Pham,Black,10,3/13/25,
Robyn Roberts,Blue,2,6/19/25,I regret buying this vacuum it’s utterly useless and frustrating.
Ronald Daniels,Green,4.6,3/6/25,Lang batterilevetid.
Ronald Sullivan,Black,4.2,2/22/25,Long battery life.
Ronnie Stanley DVM,Blue,5,8/14/25,Takes care of messes in seconds.
Ruben Taylor,Red,5,5/14/25,Performances constantes dans le temps.
Ruth Hansen,Red,4.4,5/6/25,Absolutely love the swivel head.
Ryan Lee,,4.8,2/27/25,
Ryan Neal,White,,5/26/25,powerful.
Ryan Wu,White,4.9,7/6/25,Easy to carry upstairs.
Sabrina Gonzalez,Red,4,9/18/25,Stylish
Sabrina Walker,White,5,4/27/25,No cord hassle.
Samantha Davidson,Green,4.9,4/17/25,Strong suction always.
Samantha Davis,White,4.2,2/2/25,
Samantha Hamilton,Black,4.9,2/3/25,
Samantha Washington,Blue,4.5,7/22/25,Effizient und schnell im Einsatz.
Samuel Ramirez II,Red,4.2,9/22/25,Vacuuming feels less like a chore now.
Sandra Long,Red,4.4,7/16/25,Suction strong enough for thick rugs.
Sandra Mccall,,3.8,7/3/25,Suction power is disappointing and doesn‚Äôt pick up heavier debris well.
Sandra Mcfarland,Green,4.1,3/20/25,Satisfaction totale apr√®s plusieurs utilisations.
Sandra Ochoa,Green,4.5,2/6/25,Lightweight but doesn‚Äôt compromise power.
Sandy Barry,White,,9/29/25,
Sandy Mcdaniel,Red,,6/9/25,
Sara Ashley,Black,4.8,8/5/25,Pet hair gone instantly.
Sara Gutierrez,Red,4.2,7/18/25,Picks up dirt I didn‚Äôt even know was there.
Sara Howell,Black,5,8/22/25,Glides smoothly over every surface.
Sara King,Red,4.3,8/4/25,Praktiske tilbeh√∏r medf√∏lger.
Sara Luna,Black,4.9,8/10/25,Strong motor and reliable performance.
Sara Morris,Green,4.4,5/5/25,Pas de perte d‚Äôaspiration.
Sara Weaver,White,4.1,5/16/25,
Sarah Adkins,Black,4.6,4/29/25,Lightweight and easy to maneuver around furniture.
Sarah Graham,Black,4.2,2/13/25,Very well made and thoughtfully designed.
Sarah Jackson,Black,4.9,2/9/25,The suction is ridiculously strong.
Sarah Mcdaniel,Green,4,9/28/25,St√∏vsuger selv det fineste st√∏v.
Sarah Perkins,Red,4.2,4/26/25,Gamechanger
Sarah Rowe,Red,4.5,8/28/25,Handles anything easily.
Sarah Smith,Black,4.2,9/24/25,Superb
Sarah Spence,White,4.2,8/27/25,
Scott Farrell,Black,4.8,4/17/25,Hygienic
Scott Shaw,Blue,,,
Scott Stephens,Red,4.5,7/15/25,Fits easily into small closets.
Selena Flores,White,4.7,4/15/25,Compact size but powerful performance.
Selena Hanson,Red,4.6,4/5/25,happy
Seth Romero,,4.9,2/9/25,
Seth Scott,Green,5,3/3/25,"Amazing suction, very quiet."
Shannon Bell,Black,5,,Durable for daily use.
Shannon Lewis,Red,4.5,9/3/25,Takes up barely any closet space.
Shannon Romero,Black,4.5,4/8/25,No more dragging heavy machines around!
Shannon Stanley,White,4,6/16/25,Fonctionnement silencieux agr√©able.
Shannon Thompson,White,4.9,5/6/25,
Shannon Wagner,,4,9/22/25,Affordable
Shari Knight,Red,4.8,4/18/25,"Filters are washable, so I save money over time. Excellent build and great features."
Sharon Bell,Black,4.2,8/23/25,Saugt Kr√ºmel und Haare zuverl√§ssig auf.
Sharon Compton,Blue,,4/5/25,
Sharon Gibson,White,4.9,6/11/25,Incredible performance on both carpet and tile.
Sharon Little,Black,5,3/19/25,Great on carpet.
Sharon Smith,Blue,4,9/11/25,Qualit√© de fabrication remarquable.
Sharon Swanson,Black,5,7/3/25,
Sharon Williams,White,4.6,4/9/25,No cord hassle.
Shawn Brock,White,4.6,8/3/25,Highly effective for pet hair cleanup.
Sheena King,White,4.4,6/16/25,Very well made and thoughtfully designed.
Sheila Bond,Red,3.8,4/21/25,Filter clogs easily.
Shelby Barr,Green,4.5,3/4/25,Cleans carpets deeply and thoroughly.
Shelby Robinson,Black,4.4,1/31/25,
Sheri Turner,Red,4.5,6/13/25,Affordable
Sherri Jackson,,4.9,1/25/25,
Sherry Meyers,,4.6,8/13/25,Convenient
Sheryl Jackson,Green,4.7,3/11/25,Cleans better than my old Dyson.
Shirley Ross,Red,4.6,8/7/25,I can clean every room without restrictions.
Sierra Robertson,Blue,4.9,6/25/25,
Sierra Wolfe,Green,3.7,6/15/25,Makes loud noises.
Sonya Richards,Red,2,5/26/25,ok
Sophia Adams,Blue,4.8,4/28/25,Se range dans un petit espace.
Sophia Foster,White,4.2,9/26/25,Tolles Design und starke Saugleistung.
Sophia Smith,White,4.5,5/1/25,Quick cleanup and super quiet operation.
Spencer Wood,White,4.9,7/20/25,Reliable
Stacey Camacho,Blue,3.5,3/20/25,Heavy and difficult to move around.
Stacey Hansen,Black,3.5,8/15/25,Saugkraft √ºberzeugt auf allen B√∂den.
Stacey Kim,Red,4.8,9/30/25,Assembly took 2 minutes and very simple.
Stacey Martin,Black,3.7,4/26/25,Too expensive for what it offers.
Stacey Peterson,Black,4.8,4/7/25,
Stacy Peterson,White,4.8,2/7/25,Good suction with low energy usage.
Stephanie Brown,White,4.3,5/6/25,"Compact design, great for small apartments."
Stephanie Hernandez,White,3.8,8/22/25,
Stephanie Maynard,Red,4.8,4/9/25,User-friendly controls for all ages.
Stephanie Peterson,White,4.4,8/7/25,Preis-Leistungs-Verh√§ltnis stimmt hier absolut.
Stephanie Smith,Blue,4.6,7/8/25,Manipulation agr√©able et confortable.
Stephanie Stanley,Black,4,1/27/25,Easy to empty and clean filter.
Stephanie Weber,Blue,4.7,2/9/25,"Peu encombrant, se range facilement."
Stephen Burton,Black,4.6,7/2/25,"Great balance between weight, power, and usability."
Stephen Jones,Red,4.6,,I use it daily ‚Äî no issues.
Stephen Kennedy,White,4,3/10/25,Trustworthy
Stephen Murphy,,4.9,,Durable
Steve Moody,Blue,4.7,9/17/25,Easy to carry up and down stairs.
Steven Reynolds,White,4.4,7/10/25,Even my kids want to vacuum now!
Susan Brown,Blue,4.6,7/30/25,Lightweight and powerful.
Susan Cox,Red,4.6,4/4/25,Good for rugs.
Susan Evans,Blue,4.6,3/6/25,Pulls dirt from deep carpet.
Susan Fernandez,Red,4.7,1/30/25,Nettoie en profondeur sans effort.
Susan Jackson,Black,4.8,9/4/25, makes cleaning simple.
Susan Jackson,Green,2,9/15/25,Works but expensive
Susan Jones,White,4.7,9/20/25,Battery lasts long.
Susan Thompson,Blue,4.1,6/1/25,It handles sand and crumbs like a pro.
Suzanne Brooks,Green,5,9/12/25,Fast
Suzanne Gaines,Black,5,7/29/25,"Reaches corners, edges, and under furniture easily."
Suzanne Lin,Green,1,8/15/25,Costly mistake.
Sydney Friedman,Blue,4.8,4/21/25,Mode turbo tr√®s performant.
Tamara Armstrong,Black,5,2/23/25,Cleans better than any other vacuum.
Tamara Parker,White,4.3,6/18/25,Handles carpets and hardwood beautifully.
Tammy Bullock,Black,4.8,,
Tammy Bush,Red,4.1,2/26/25,
Tammy Ferguson,Black,5,8/22/25,Handles sand well.
Tanya Brown,Blue,4.8,3/26/25,"Reaches corners, edges, and under furniture easily."
Tara Washington,Red,4.1,1/31/25,
Taylor Bailey,White,12,4/18/25,
Taylor Gutierrez,,4.2,2/5/25,
Taylor Meyer,Blue,3.8,8/18/25,Too noisy during operation.
Taylor Porter,Blue,4.4,3/19/25,Great for allergies.
Teresa Andrews,Red,4.8,2/23/25,This vacuum glides effortlessly over any surface.
Teresa Cooper,Black,3.9,9/28/25,Difficult to clean filter.
Teresa Harrison,Blue,4.4,5/6/25,Makes cleaning easy.
Teresa Hicks,White,4.2,2/26/25,Bon pour les allergies.
Teresa West,Green,4.9,7/2/25,
Terri Warren,Blue,3.7,8/29/25,Hard to clean attachments.
Terri Wong,Red,4.9,7/31/25,Strong and quiet.
Terry Adams,Green,10,1/30/25,"Superb vacuum ‚Äî lightweight, long battery, and handles my dog‚Äôs shedding with no issues."
Terry Stafford,Red,4.8,2/16/25,Simple to use.
Terry Vega,White,4.7,2/6/25,Handles crumbs and dust with ease.
Terry Yates,Red,,4/29/25,Excellente autonomie pour ce mod√®le.
Theresa Frank,Green,4.7,3/28/25,
Theresa Lawrence,Blue,4.2,5/20/25,Excellent rapport qualit√©-prix.
Theresa Ochoa,Blue,4.7,8/27/25,My house has never been cleaner.
Thomas Henderson,Blue,,5/13/25,Pet hair gone.
Thomas Martin,Green,3.4,7/25/25,Battery life is poor.
Tiffany Barber,Blue,4.9,6/16/25,Stylish and modern design with great performance.
Tiffany Doyle,Red,4,9/3/25,Vacuumed my car with it ‚Äî amazing results.
Tiffany Harris,White,4.6,9/14/25,The suction is ridiculously strong.
Tiffany Norman,Black,4.2,8/24/25,So easy to maneuver around furniture.
Tiffany Rodriguez,Red,5,7/25/25,No more pet hair
Timothy Ball,Black,4.1,2/6/25,
Timothy Blevins DVM,Blue,3.9,8/27/25,The LED lights really help! I can see dust and debris clearly now.
Timothy Clark,Red,4.9,2/12/25,Strong suction handles all floor types.
Timothy Gutierrez,,4.5,9/1/25,Saugt auch Sand und kleine Steinchen.
Timothy Lopez,White,5,3/7/25,Makes cleaning easy.
Timothy Orozco,,4.2,5/15/25,"Das beste Gerat, das ich habe."
Tina Chavez,Blue,4.9,6/18/25,Der Motor arbeitet zuverl√§ssig und kraftvoll.
Tina Garcia,White,,,Amazing
Tina Grant,White,4.2,6/7/25,Pas de perte d‚Äôaspiration.
Tina Hampton,Red,4,3/19/25,Perfect for homes with pets.
Tina Miller,Black,4.3,8/23/25,
Tina Ortega MD,White,4.5,6/10/25,
Tina Riggs,White,4.8,6/30/25,Long cord makes it convenient to use.
Tina Wood,White,5,9/10/25, professional cleaner
Toni Davis DDS,Black,4.8,1/28/25,
Toni Goodman,Blue,4.9,1/26/25,LED light for spotting dirt.
Tony Griffin,White,,4/20/25,wunderbar
Tonya Bradford,,5,3/7/25,G√∏r st√∏vsugning til en leg.
Tonya Brown,Blue,,8/19/25,
Tonya Robinson,White,4.8,5/31/25,Suger dyreh√•r uden sammenfiltring.
Tracey Barron,White,5,7/25/25,I wish I had bought this sooner!
Traci Massey,Black,1,8/4/25,
Tracy Cole,Red,4.7,8/1/25,Worth every penny.
Tracy Cruz,Red,4.1,4/25/25,Pleasantly quiet compared to old vacuum.
Tracy Farmer,Black,4.9,5/23/25,
Tracy Hall,Blue,5,7/2/25,Amazing power.
Tracy Miller,Green,3.9,8/4/25,Great vacuum for daily use.
Tracy Smith,Red,4.8,5/21/25,Best vacuum I've ever owned. It works great and is easy to maintain.
Tracy Spencer DDS,Green,4.7,3/6/25,Handles sand and dirt easily.
Travis Gallagher,Red,3,8/27/25,Suction power is weak.
Troy Huang,Red,4.3,4/6/25,
Troy Rodriguez,Blue,5,,Vacuum stays cool during long cleans.
Tyler Jones,Black,5,9/25/25,Fantastic suction and super easy to use.
Tyler Montgomery,White,4.2,9/7/25,Suction power is unbelievable.
Tyler Thomas,White,2.1,6/25/25,Costly and average performance.
Valerie Obrien,Green,4.9,9/26/25,Great value for the quality you get.
Vanessa Ramirez,Red,4.3,6/25/25,Costly but impressive performance.
Vanessa Sampson,Blue,5,,No hair tangles ‚Äî that‚Äôs a first for me!
Vanessa Sullivan,White,4.9,8/15/25,Stylish look fits modern homes.
Veronica Brady,Black,4.6,7/31/25,Long-lasting battery saves time.
Veronica Hernandez,White,4.8,7/27/25,good surprise
Veronica Smith,Blue,4.4,8/30/25,Super pratique d'utilisation
Vicki Parks,Black,4.4,3/19/25,Easy
Vicki Sanders,Green,4.9,5/20/25,Bedre end min gamle st√∏vsuger.
Vickie Trujillo,Red,4.1,7/25/25,This vacuum is fantastic! It handles all surfaces effortlessly and is very easy to maneuver.
Vickie Watson,Green,4.8,3/26/25,Pricey but excellent.
Victor Kemp,Black,4.1,3/6/25,No more dragging heavy machines around!
Victor Prince,,2.1,6/18/25,Pricey and not the best. Buy cheaper one next time.
Victoria Garcia,Blue,4.1,2/19/25,Durable build.
Vincent Allen,Red,5,4/26/25,Perfect for small spaces and quick jobs.
Vincent Hayes,Black,5,7/28/25,Gutes Handling auch f√ºr √§ltere Menschen.
Vincent Perez,Blue,3.6,7/5/25,Breaks easily.
Walter Kline,Red,4.5,5/24/25,
Walter Swanson,Blue,5,8/11/25,Super easy to assemble out of the box.
Wanda Smith,Red,4.7,3/31/25,
Wanda Thompson,Red,5,4/20/25,
Wayne Wilson,,4.6,6/23/25,
Wendy Carter,,4.1,6/23/25,Cordless and powerful ‚Äî perfect combo.
Wendy Rivera,Blue,4.9,3/2/25,"Glatte Oberfl√§che, einfach sauber zu halten."
Whitney Gutierrez,Red,4.9,7/18/25,Saugkraft √ºberzeugt auf allen B√∂den.
Whitney Howard,White,4.3,6/9/25,Light but powerful.
William Cook,Green,4.1,,Effortless
William Dixon,White,5,2/24/25,Kann ich jedem empfehlen.
William Fowler,White,4,,Reliable
William Harding,Blue,4.8,5/22/25,
William Jackson,White,5,,H√§lt lange durch ohne nachzuladen.
William Johnson,White,,3/31/25,Not bulky at all ‚Äî fits in closet easily.
William Riddle,Blue,5,,Parfait pour les escaliers.
Willie Ward,White,4.8,3/24/25,
Yvette Ramos,Black,4.2,3/6/25,Good for rugs.
,White,4.4,9/15/25,Aspiration puissante
,White,5,8/9/25,Cleans my entire house on a single charge.
,Red,4.4,8/25/25,effective.
,Red,4.9,6/5/25,Compact and efficient.
,White,5,6/28/25,worth the price and good quality
,Red,,4/14/25,"Compact, powerful, and easy to handle."
,Red,4.4,2/15/25,Der Staubbeh√§lter ist gro√ü genug.
,Green,1,,Waste of money.
,Blue,5,8/19/25,Durable build withstands daily use.
,Red,4.8,7/18/25,Dust disappears quickly.
,Red,4.8,8/25/25,Good purschase
,Red,4.8,8/28/25,Effortless cleaning every single time.
,,4.2,2/3/25,Essential
,Green,4.8,5/26/25,Fast charging.
,Red,4.7,5/23/25,Feels like a premium vacuum.
,Black,4.6,4/21/25,Filter cleans easily.
,White,4.9,9/24/25,Filteret er let at rense.
,Black,5,8/2/25,"Five stars! Great suction, great price, great features."
,White,5,9/6/25,Flawless
,Black,4.6,3/21/25,Glides smoothly over every surface.
,Red,4.9,,Good dust capacity.
,Red,4.6,3/2/25,Reach all small spaces for good cleaning
,White,4.7,4/29/25,Gute Verarbeitung und einfach zu reinigen.
,Red,4.5,4/27/25,Handles anything easily.
,Red,4.8,4/14/25,Handles carpets and hardwood beautifully.
,Green,4.3,4/23/25,Handy
,Red,4.3,1/27/25,"Honestly, it‚Äôs fun to use ‚Äî who knew?"
,,4.8,4/4/25,I look for excuses to vacuum now.
,Red,1,7/14/25,dont buy
,Blue,5,7/19/25,Incredible value for what it offers.
,Black,5,2/6/25,Kabellos und trotzdem sehr kraftvoll.
,Blue,5,3/17/25,Kommer ind i alle hj√∏rner.
,,4.8,6/1/25,Lightweight but super powerful.
,White,4.2,9/5/25,Looks sleek and stores easily.
,Blue,4.6,6/15/25,Never realized my floors were this dirty!
,White,4.9,8/18/25,Perfect for pet owners ‚Äî handles shedding with ease.
,White,4.1,4/7/25,Picks up debris in one pass.
,Red,4.8,6/29/25,Picks up everything in a single pass.
,Blue,3.8,6/2/25,Power button is flimsy.
,Black,4.9,2/13/25,"Quiet, smooth, and highly effective."
,White,4,7/7/25,Reliable and well-made product.
,Green,4,8/18/25,Removes allergens effectively from the air.
,Black,5,3/24/25,Saugt auch feinsten Staub problemlos auf.
,Green,4.5,8/5/25,Sehr robust und langlebig.
,Black,4.9,1/27/25,Smart
,Black,4.2,4/9/25,So light I can carry it with one hand!
,Black,4.8,8/1/25,Strong suction always.
,Black,4.9,3/21/25,Stylish look fits modern homes.
,Black,4.4,6/11/25,Syst√®me anti-emm√™lement efficace.
,Black,5,6/14/25,"This vacuum exceeded expectations ‚Äî powerful suction, lightweight, and super easy to use."
,Black,4.7,6/1/25,User-friendly design.
,Black,4.8,7/18/25,Works amazingly on area rugs.
,White,4.4,7/16/25,
,Red,4.3,4/28/25,
,Red,3.7,4/2/25,
,Blue,4.4,4/22/25,
,Red,5,2/17/25,
,Red,4.8,,
,Black,5,3/5/25,
,Blue,4.2,6/22/25,
,Green,4.8,2/21/25,
,White,5,1/31/25,